"","Differentiated","KRT17","EMT","Cell_cycle","Ciliated","P-value","Correlation","RMSE"
"TCGA-61-1910-01",0.572475013515951,0,0,0.427524986484049,0,0.035,0.425147603872985,0.96042601928646
"TCGA-61-1728-01",0,0.700606178537063,0,0.299393821462937,0,0.054,0.377803451600579,0.955146031676733
"TCGA-09-1666-01",0.536921334735021,0.415544832334209,0.0475338329307706,0,0,0.164,0.228814232505167,1.11899658509208
"TCGA-24-1469-01",0.101641344324143,0.042110865492082,0,0.856247790183775,0,0.024,0.473479791977633,0.889818516690458
"TCGA-04-1348-01",0,0.137628729604397,0,0.862371270395603,0,0.037,0.414410579657284,0.924068265243724
"TCGA-61-1917-01",0.118024768869209,0,0.185868644306452,0.696106586824339,0,0.388,0.099799540410067,1.08763902536115
"TCGA-61-2009-01",0.670723928271871,0,0.329276071728129,0,0,0.462,0.0709378062801659,1.21865867654233
"TCGA-31-1950-01",0.162151062830792,0.584189144665494,0,0.253659792503714,0,0.005,0.583870514125761,0.818015383718332
"TCGA-31-1951-01",0.169705027055814,0.473980999132166,0.356313973812019,0,0,0.0620000000000001,0.357983248546911,0.970044817062076
"TCGA-61-1995-01",0.598322193697039,0.388937990718581,0.0127398155843802,0,0,0.038,0.408659490288267,1.00067309672743
"TCGA-24-2297-01",0.550785125794588,0,0,0.43036415559491,0.0188507186105023,0.016,0.500853509573341,0.894739213560664
"TCGA-24-1555-01",0.504118099528698,0.241769309853705,0,0.254112590617597,0,0.00600000000000001,0.563387913001326,0.848751856721593
"TCGA-25-1322-01",0.435193311135479,0.325427710761644,0.239378978102877,0,0,0.088,0.314259137996069,1.0247288892358
"TCGA-24-1427-01",0,0,0.752789330385591,0.247210669614408,0,0.129,0.2644931871579,1.06030346928725
"TCGA-29-1698-01",0.341923500443264,0,0.525133260090594,0.132943239466142,0,0.202,0.203467600081869,1.08816170079085
"TCGA-23-1023-01",0.144873829631661,0.585346420166366,0.269779750201973,0,0,0.054,0.376581616074279,0.958075306851745
"TCGA-13-0924-01",0,0.687060435657413,0,0.312939564342586,0,0.139,0.248286976024386,1.03268445784199
"TCGA-24-1847-01",0.101399867421328,0.663034688959737,0.184671588081321,0,0.0508938555376134,0.018,0.49445109428034,0.872592036887642
"TCGA-24-1843-01",0.114943539184565,0,0.201569676159789,0.683486784655645,0,0.713,-0.0190660931903553,1.14419522873078
"TCGA-25-1321-01",0.654838524585953,0,0,0.32670123047576,0.0184602449382874,0.035,0.425342075658019,0.968317099400503
"TCGA-30-1891-01",0,0.375438588786923,0.624561411213077,0,0,0.0620000000000001,0.357966263538527,0.981459943399715
"TCGA-25-1326-01",0,0.39113792954115,0.566981918833402,0.0418801516254483,0,0.0620000000000001,0.357642401290692,0.970245516394183
"TCGA-29-2414-01",0.278141402525984,0,0.432455330754636,0.28940326671938,0,0.188,0.213212365683483,1.05363127508685
"TCGA-09-1670-01",0.443687247609823,0.513702474978447,0.0426102774117299,0,0,0.00600000000000001,0.569437610639234,0.848848146450232
"TCGA-24-2033-01",0,0,0.661768647066408,0.338231352933592,0,0.14,0.247435446789407,1.04372897929384
"TCGA-29-2414-02",0.509829362615244,0,0.214925061040159,0.275245576344598,0,0.028,0.446905362571153,0.922445593674459
"TCGA-61-1741-01",0.522254033334581,0,0.252444054641594,0.225301912023826,0,0.28,0.152817903762442,1.12083076551222
"TCGA-31-1953-01",0.319206113344269,0.181935319586116,0.151516417159873,0.347342149909743,0,0.28,0.152645730852487,1.08994598281561
"TCGA-30-1855-01",0,0.383398635669719,0.215691559991201,0.400909804339079,0,0.212,0.195960411840599,1.02639164907903
"TCGA-25-1324-01",0.0785815904061525,0,0.309014526775447,0.6124038828184,0,0.071,0.339844999965977,0.953315388227525
"TCGA-09-2056-01",0.143664925458318,0.659169015120531,0.0151056430865164,0.182060416334634,0,0.004,0.588134635305125,0.815289992347251
"TCGA-29-1701-01",0,0,0.131061909932447,0.868938090067553,0,0.484,0.0637218091953683,1.10614633439561
"TCGA-25-1633-01",0.479771330845899,0,0.520228669154101,0,0,0.232,0.180128433225935,1.13312669336785
"TCGA-25-2396-01",0,0.130549542322455,0.261184231735036,0.608266225942508,0,0.052,0.378807855770618,0.927481728756101
"TCGA-61-1914-01",0,0.570080906746403,0.15551844966683,0.274400643586767,0,0.044,0.394723005977431,0.928744569686057
"TCGA-61-2094-01",0,0.893207427886421,0.0289135616714883,0.0778790104420912,0,0.00600000000000001,0.581321459666274,0.82096937856688
"TCGA-29-1705-01",0,0.629682531350814,0.249977242516727,0.12034022613246,0,0.186,0.214832556726294,1.03549750093591
"TCGA-36-1580-01",0.119587689406882,0.0530304102034946,0.689724564370037,0.137657336019586,0,0.054,0.376994230668913,0.979529544685015
"TCGA-25-2401-01",0,0,0.535867720904035,0.464132279095965,0,0.212,0.195292658751646,1.04574110292949
"TCGA-5X-AA5U-01",0.712450404595991,0,0.0375013500195471,0.250048245384462,0,0.016,0.502964350513549,0.914387331643577
"TCGA-13-0916-01",0.511255902048261,0,0,0.488744097951739,0,0.048,0.388459218202641,0.979571473526205
"TCGA-23-2084-01",0,0.444324991936851,0.347436165314154,0.176326061866475,0.0319127808825189,0.016,0.501129497777856,0.858685140306778
"TCGA-36-1577-01",0.654429487333547,0,0,0.345570512666453,0,0.419,0.0867967881732722,1.2094867886012
"TCGA-24-1551-01",0.174470541609888,0.446770932672638,0.088168722796134,0.29058980292134,0,0.071,0.343529699096319,0.973829580109107
"TCGA-61-1998-01",0.364315526530511,0.279425448518444,0.356259024951045,0,0,0.071,0.343712096649072,0.995123077028088
"TCGA-20-1684-01",0.858570542189233,0,0,0.141429457810767,0,0.11,0.288615814942893,1.12106850047672
"TCGA-24-1556-01",0,0.150508727676614,0,0.849491272323386,0,0.296,0.146174982982413,1.08075705642852
"TCGA-57-1582-01",0.0173891119952509,0,0.14076661289407,0.84184427511068,0,0.567,0.03094847860136,1.12127755176841
"TCGA-04-1362-01",0,1,0,0,0,0.002,0.606858428805255,0.806490331846416
"TCGA-61-2113-01",0.00652638392808001,0.20621914368183,0.621223746940606,0.166030725449483,0,0.169,0.224365833434949,1.05543171291651
"TCGA-24-1924-01",0,0.0322400255608629,0.306131807545715,0.661628166893422,0,0.0570000000000001,0.364303605572326,0.936036159907227
"TCGA-31-1946-01",0,0.131538159673671,0.564676755516341,0.303785084809988,0,0.158,0.234533070460916,1.0311535328055
"TCGA-29-1699-01",0.284633766678959,0,0.108804154659768,0.606562078661273,0,0.046,0.39058291085194,0.943468758633441
"TCGA-61-2002-01",0.310806566738106,0.314261767107148,0.374931666154746,0,0,0.25,0.170422507941545,1.10119013887607
"TCGA-24-2035-01",0,0,0.956727284839306,0.0432727151606937,0,0.012,0.518562204819487,0.930689864768791
"TCGA-09-1674-01",0.430904745382684,0,0,0.569095254617316,0,0.477,0.066226492068972,1.17577569623166
"TCGA-29-1710-01",0.225116945185955,0,0.674529786850528,0.100353267963517,0,0.036,0.418386899922875,0.955992384008158
"TCGA-24-1436-01",0.279789910805771,0.660515376093287,0.059694713100942,0,0,0.012,0.526146281799559,0.874590387541977
"TCGA-13-1497-01",0,0.308103334299334,0.0360271740233885,0.655869491677278,0,0.445,0.0767976286205332,1.10313353947925
"TCGA-24-2271-01",0,0.546918212752192,0.361063552354255,0.0920182348935528,0,0.011,0.534073806961056,0.840798261194182
"TCGA-24-1552-01",0,0.228508192307651,0.0149833518887379,0.756508455803611,0,0.037,0.413236561453006,0.921375219217747
"TCGA-61-1724-01",0.373245431251741,0.0588582044104982,0.412481493443362,0.155414870894399,0,0.03,0.437786453359868,0.92190624076387
"TCGA-20-1685-01",0.671276635306226,0.24135602445772,0.0873673402360534,0,0,0.026,0.457196894641005,0.958076788447802
"TCGA-24-1423-01",0.584848386619207,0.17744078147915,0.0814139703676268,0.156296861534016,0,0.04,0.403185818109662,0.979232170658983
"TCGA-25-2398-01",0.212639274578749,0,0.710190656744187,0.0771700686770632,0,0.089,0.309213394308535,1.04498095551585
"TCGA-29-1763-01",0.863015376721071,0,0.120743464157346,0.0162411591215827,0,0.03,0.436462351015868,0.995526756259669
"TCGA-29-1703-01",0.940370553699929,0,0.0565613494222382,0.00306809687783246,0,0.033,0.428367665140209,1.02398971121796
"TCGA-10-0936-01",0,0.501933102125406,0,0.382994649770207,0.115072248104387,0.035,0.420735360926598,0.907886494005133
"TCGA-25-2409-01",0.0155898568299652,0.506562497618571,0.163495594881613,0.314352050669851,0,0.094,0.302598280429167,0.979315877133749
"TCGA-30-1718-01",0,0,0.487185780811407,0.512814219188593,0,0.102,0.296375241894334,0.982442667993386
"TCGA-29-1711-01",0.0734543064812878,0.705443635948132,0.0556095953651817,0.165492462205399,0,0.128,0.267382709980514,1.02835187896036
"TCGA-61-2008-01",0.20480552631372,0.484570131770849,0.159054468455829,0.151569873459603,0,0.026,0.460512513991473,0.900774612273197
"TCGA-61-1740-01",0,0,0.288947625172286,0.711052374827714,0,0.143,0.243539256550523,1.00119057043922
"TCGA-29-1785-01",0.423984978134571,0,0,0.576015021865429,0,0.092,0.30508666051704,1.02642191600495
"TCGA-13-1506-01",0.0440849906636893,0.0617414628536713,0,0.894173546482639,0,0.026,0.460093866911692,0.897091936913065
"TCGA-29-1781-01",0,0.00461329968358621,0,0.995386700316414,0,0.419,0.0867693613413544,1.12534096639322
"TCGA-36-1570-01",0.149484408599287,0.455653816057958,0,0.368412247263351,0.0264495280794041,0.022,0.484641811400381,0.882726483226571
"TCGA-24-1930-01",0,0.938486377540412,0.0615136224595885,0,0,0.054,0.377867885989299,0.971858144850689
"TCGA-13-0799-01",0.208664978341598,0,0,0.791335021658402,0,0.015,0.507809213367611,0.869614131593681
"TCGA-30-1862-01",0.257834856748859,0.248881950800109,0.493283192451033,0,0,0.027,0.449772002432465,0.917450486702232
"TCGA-23-1114-01",0.757538663147169,0,0.242461336852831,0,0,0.287,0.150653628569683,1.18437606690324
"TCGA-25-1626-01",0,0,0.930493583161657,0.069506416838343,0,0.036,0.414702668352496,1.01340014005847
"TCGA-61-2097-01",0.226812737686956,0.628567013638167,0.144620248674877,0,0,0.107,0.292759346643147,1.02825081803795
"TCGA-24-1616-01",0,0.781000972137806,0,0.218999027862194,0,0.00700000000000001,0.560737516551204,0.833802864723352
"TCGA-23-1109-01",0,0,0.251764773048747,0.748235226951253,0,0.335,0.127241609687466,1.06089263366787
"TCGA-29-2427-01",0,0.846825564199112,0.0787404959461728,0.0744339398547154,0,0.02,0.489606567347577,0.885097981662968
"TCGA-29-1695-01",0,0.404129324758341,0.595870675241659,0,0,0.071,0.340323363949888,0.989060737481027
"TCGA-61-1737-01",0.116401654292535,0,0.421737791077769,0.461860554629696,0,0.211,0.196981434417764,1.03987091802536
"TCGA-29-2425-01",0.765892936996045,0,0.0359991240002782,0.198107939003677,0,0.092,0.305095535806832,1.08204944746037
"TCGA-09-1662-01",0.314977174748658,0.185641560414396,0.162136114965773,0.337245149871173,0,0.014,0.512384822587386,0.86293278494263
"TCGA-13-1512-01",0,0.185878162382248,0.106614142166209,0.707507695451544,0,0.366,0.108066365399099,1.07714121280291
"TCGA-29-1697-01",0.568812714095766,0,0,0.431187285904234,0,0.012,0.518736713422406,0.885815103410655
"TCGA-24-2024-01",0,0.0829022995712802,0.336258340945016,0.580839359483703,0,0.456,0.072961396489424,1.0830124740968
"TCGA-57-1583-01",0.295908097032899,0,0.270829786138424,0.433262116828678,0,0.244,0.173880283955537,1.06629533299286
"TCGA-24-1562-01",0.231524414235579,0.0294380426757068,0.577848659712083,0.161188883376631,0,0.027,0.45626367452081,0.910793425792192
"TCGA-57-1584-01",0,0.975546438859729,0,0,0.0244535611402713,0,0.654331427266672,0.76180626170488
"TCGA-13-1411-01",0.463764202114043,0.238082843418893,0.298152954467064,0,0,0.311,0.137853371554231,1.1406049614994
"TCGA-61-2088-01",0.88016093321062,0,0,0.11983906678938,0,0.086,0.31903980447073,1.10315767998691
"TCGA-25-1625-01",0.168997074146771,0.67146418665761,0.159538739195619,0,0,0.016,0.503893625969175,0.877513023587999
"TCGA-24-2288-01",0.183491214155247,0,0.351741508121728,0.464767277723025,0,0.05,0.38082293882118,0.936663091650033
"TCGA-25-1623-01",0.00348210764378188,0.274656913619106,0.721860978737113,0,0,0.055,0.370578816582693,0.991355622744824
"TCGA-25-1312-01",0.611462658109358,0,0.254445945204821,0.134091396685822,0,0.041,0.400854857232494,0.972302824931121
"TCGA-61-1725-01",0,0.107505802308259,0.393379965673102,0.499114232018639,0,0.178,0.219371644767302,1.01447528449148
"TCGA-25-2042-01",0,0.20316691524025,0.79683308475975,0,0,0.072,0.337944962966314,1.03477300040305
"TCGA-23-1026-01",0.0807189246066067,0.76709398389626,0.103407738108358,0,0.0487793533887746,0.188,0.212340129108706,1.05914179660252
"TCGA-29-1770-01",0.0745096735394464,0.234052832873344,0.313498403626059,0.377939089961151,0,0.181,0.216894717633964,1.0203683946448
"TCGA-09-2054-01",0,0,0.540097747031988,0.459902252968012,0,0.324,0.131550676727497,1.08111430837871
"TCGA-61-1919-01",0,0,0.490070997606592,0.509929002393408,0,0.292,0.148477939768003,1.06299402568505
"TCGA-61-1900-01",0.299936914925613,0,0.23817644303557,0.461886642038817,0,0.199,0.204869474439299,1.04951260690367
"TCGA-24-1558-01",0.518384136315339,0.000401754214840863,0.0655725223543886,0.415641587115432,0,0.00700000000000001,0.548652844432143,0.850971410560283
"TCGA-59-2354-01",0.230199610416164,0.441847681267823,0.327952708316013,0,0,0.186,0.214474678033265,1.06496122340457
"TCGA-09-2051-01",0,0.485920095745128,0.0843593623171099,0.429720541937762,0,0.014,0.512499005724636,0.85705367668606
"TCGA-09-1667-01",0.325013763358596,0.544580289446286,0.130405947195118,0,0,0.03,0.441474389810352,0.934279523920315
"TCGA-23-1809-01",0.425228321749389,0,0.0470470509604087,0.527724627290203,0,0.369,0.106696481613976,1.14203557455122
"TCGA-31-1956-01",0,0.227636251717471,0.333845741523212,0.438518006759317,0,0.297,0.145690214576859,1.04847406161824
"TCGA-13-0730-01",0,0,0.502588270170708,0.497411729829292,0,0.304,0.140714804520837,1.06911947365286
"TCGA-04-1519-01",0.997994360661102,0.0020056393388979,0,0,0,0.002,0.604284686482817,0.87393776520482
"TCGA-25-1870-01",0,0.895082416989914,0.104917583010086,0,0,0.04,0.403385632835678,0.948211604597107
"TCGA-29-1688-01",0,0.597084380142946,0.352735231474543,0,0.0501803883825109,0.038,0.411324746494807,0.918771271965363
"TCGA-61-2104-01",0.773257338585025,0.169347131013142,0.0573955304018322,0,0,0.005,0.583431160358865,0.86013258793668
"TCGA-13-0801-01",0,0.0599409437135277,0,0.940059056286472,0,0.368,0.1069673308872,1.10877354421012
"TCGA-24-1928-01",0.380578346261632,0,0.619421653738368,0,0,0.177,0.220330196451484,1.11088437126995
"TCGA-36-1569-01",0.167016660297936,0.30936029569927,0.523623044002794,0,0,0.093,0.302857192338969,1.01578005625276
"TCGA-25-1315-01",0.432711141067169,0,0.0102909663710511,0.55699789256178,0,0.217,0.191174402420156,1.09893073253604
"TCGA-24-1418-01",0.141247511620761,0,0.563192012836894,0.295560475542345,0,0.141,0.245600063103746,1.03758032349636
"TCGA-24-1428-01",0,0,0.172397031703545,0.827602968296455,0,0.253,0.169414261351116,1.0466052788766
"TCGA-23-2077-01",0.51850942869071,0.142754956492003,0.146001997001122,0.192733617816165,0,0.071,0.338569503455001,1.00859979549629
"TCGA-09-1669-01",0.372825531207944,0,0.224553112369273,0.402621356422783,0,0.362,0.110191582694372,1.11447346406628
"TCGA-24-1430-01",0.736058380166335,0.143035231585051,0.120906388248614,0,0,0.023,0.478677031174758,0.943695466464841
"TCGA-36-1581-01",0,0.372184363018233,0.0738443457867119,0.553971291195055,0,0.124,0.273370320201471,0.995263689336884
"TCGA-29-1776-01",0.117829026562156,0.0907058753335887,0.454210732052134,0.337254366052121,0,0.054,0.374661818158369,0.942434405993119
"TCGA-29-1696-01",0.0336367480305809,0.842787945433702,0,0,0.123575306535717,0.037,0.414055080416083,0.934238457383051
"TCGA-13-0913-01",0.0882293024737612,0,0.0337301781145047,0.797512914373011,0.0805276050387236,0.092,0.30460451856163,0.976210587633558
"TCGA-09-0364-01",0.320176612409905,0,0,0.679823387590095,0,0.542,0.0397336778875116,1.17408962612119
"TCGA-61-2111-01",0.0498883277158069,0,0.627404861996303,0.32270681028789,0,0.086,0.320869512083713,0.993994463639617
"TCGA-36-1571-01",0.221777199363964,0,0.0252075179417405,0.685565610515826,0.0674496721784699,0.092,0.30443564276,0.987176241499585
"TCGA-24-2020-01",0.0093991047035939,0,0,0.990600895296406,0,0.367,0.10736969198204,1.11460813430426
"TCGA-20-1687-01",0,0.785918570947034,0.214081429052966,0,0,0.03,0.440041101104889,0.91316533657007
"TCGA-24-2262-01",0.599686454031013,0,0.138166696169114,0.262146849799873,0,0.00600000000000001,0.577436943188038,0.83047929904513
"TCGA-24-1850-01",0,0,0.443677691450172,0.556322308549828,0,0.421,0.0852853266990555,1.08834079777076
"TCGA-25-1313-01",0.226799025069461,0.420076461256007,0.353124513674532,0,0,0.056,0.368148084314763,0.967161246459373
"TCGA-13-1489-02",0.299716616647265,0.0230421634329625,0,0.677241219919772,0,0.024,0.472637255785997,0.89913927316916
"TCGA-29-1694-01",0.143154654937048,0.700148837720286,0.156696507342666,0,0,0.0610000000000001,0.359825594629955,0.977422891158736
"TCGA-23-1027-01",0.240334921363917,0.254701532821528,0.135697112720117,0.369266433094438,0,0.03,0.441672015785567,0.908228594572864
"TCGA-59-2355-01",0.335343618418637,0.445189620468778,0.219466761112585,0,0,0.02,0.489738150804266,0.891776472282774
"TCGA-24-1604-01",0.600479641756274,0.304019419368834,0.0955009388748918,0,0,0.001,0.621882871307389,0.804700393208048
"TCGA-25-1319-01",0.00187607005427779,0.424282954153837,0.0722078761488769,0.501633099643008,0,0.024,0.478301323618905,0.878109174442988
"TCGA-24-1564-01",0.046070861769162,0.621768679190104,0.222463700451373,0.109696758589361,0,0.363,0.109211742124183,1.09891665222766
"TCGA-57-1994-01",0.886798014375473,0.113201985624527,0,0,0,0,0.647178748780742,0.814414640274219
"TCGA-04-1357-01",0,0.320718077965644,0.428987138364128,0.250294783670228,0,0.039,0.406035019102183,0.918516984246077
"TCGA-29-1778-01",0.557102441825439,0.333345633844356,0.109551924330205,0,0,0.031,0.435412208188567,0.960589614982282
"TCGA-13-0899-01",0.656951509576315,0.251641993352857,0.0914064970708279,0,0,0.114,0.283192307472163,1.08996039564524
"TCGA-24-2038-01",0.688403201213478,0,0.311596798786522,0,0,0.001,0.619797533296981,0.80087983800305
"TCGA-13-0800-01",1,0,0,0,0,0.129,0.263604525830177,1.18042412182063
"TCGA-25-2399-01",0.547242380012839,0.200445376859311,0.25231224312785,0,0,0.245,0.173027865240974,1.1324241067418
"TCGA-24-1548-01",0.647663743190857,0,0.0553230160822908,0.297013240726852,0,0.00700000000000001,0.552071495457806,0.861827963231914
"TCGA-59-A5PD-01",0.108581133404529,0,0.0740284186689945,0.817390447926476,0,0.017,0.499058678591449,0.866973637645579
"TCGA-25-2391-01",0.134074854812526,0.346006527624666,0,0.519918617562808,0,0.00800000000000001,0.542031570770959,0.843053609666553
"TCGA-29-2428-01",0.211016177958006,0.405423068133572,0,0.383560753908422,0,0.099,0.300685815889776,1.01142932739765
"TCGA-25-1314-01",0.449596166683496,0,0.239409848573555,0.31099398474295,0,0.108,0.291031424970434,1.02018313571863
"TCGA-25-2393-01",0,0,0.27837949047604,0.721620509523961,0,0.484,0.0634455215359278,1.09048967604429
"TCGA-23-2081-01",0.237578215196991,0.46748013746466,0.060801285580991,0.234140361757357,0,0.256,0.165787301365446,1.09402562035542
"TCGA-29-1762-01",0.142363114781012,0,0,0.857636885218988,0,0.247,0.171614186102587,1.08292140640946
"TCGA-23-1123-01",0.0363140550444194,0.127839336983759,0,0.835846607971821,0,0.121,0.274696839678064,1.01091147536342
"TCGA-24-1435-01",0,0.0419076307352854,0.399598092866585,0.55849427639813,0,0.14,0.247595642632066,1.00074169520108
"TCGA-24-2026-01",0.545348520591188,0.133029105456338,0.173361330946686,0.136145823147527,0.0121152198582613,0.011,0.530625810024584,0.865980167652941
"TCGA-36-1575-01",0.656740874157515,0,0.0110612265590233,0.332197899283462,0,0.09,0.307657176765953,1.05981922435107
"TCGA-10-0928-01",0.249171142252179,0,0,0.750828857747821,0,0.026,0.45675760301458,0.907950767811468
"TCGA-36-1568-01",0.417440493447808,0.322852945632722,0.25970656091947,0,0,0.001,0.628717911271931,0.780119506108025
"TCGA-36-1576-01",0.254042633213292,0,0.48738750923513,0.258569857551578,0,0.164,0.228563839763764,1.04931502930995
"TCGA-24-1463-01",0.32152786528033,0,0.238841762746428,0.439630371973243,0,0.33,0.129400383841804,1.09479752843481
"TCGA-57-1993-01",0,0.326732792277592,0,0.673267207722408,0,0.211,0.197175229976705,1.04751883458388
"TCGA-24-2036-01",0.30182292830979,0.370271128931839,0,0.301833290226507,0.0260726525318635,0.083,0.32408378737594,1.0015163716387
"TCGA-13-1403-01",0.369604357800681,0.387468213203676,0.027185964877456,0.215741464118187,0,0.1,0.299185259747318,1.0329173864341
"TCGA-09-0369-01",0,0,0.625070210617508,0.374929789382492,0,0.152,0.236077242703215,1.04129788154601
"TCGA-24-1103-01",0,0.382291670727232,0.0312880831510596,0.571816750352483,0.0146034957692251,0.005,0.586230086018977,0.808392134852948
"TCGA-25-1871-01",0.505165540827324,0,0.161412811984698,0.333421647187978,0,0.207,0.19957925194361,1.08897197010111
"TCGA-23-1029-01",0,0.221094295482085,0.173658188181665,0.605247516336251,0,0.026,0.463124943739684,0.882055817745878
"TCGA-25-1630-01",0.441868836029863,0.114757378591173,0.110372765826336,0.333001019552627,0,0.254,0.16806074336802,1.10387433539791
"TCGA-25-1634-01",0.747278504540001,0,0.140652489811536,0.112069005648463,0,0.025,0.467973406395396,0.944092877501534
"TCGA-61-1721-01",0,0,1,0,0,0.00900000000000001,0.537772192957961,0.92913535762696
"TCGA-24-1413-01",0.561766630218877,0.350378271554239,0,0,0.0878550982268835,0.001,0.614952326363139,0.804172855634147
"TCGA-25-1323-01",0.140591522575036,0,0.326012083349589,0.533396394075376,0,0.261,0.162560705812499,1.05382282425851
"TCGA-61-2110-01",0.52186160727278,0.309566850651264,0.168571542075957,0,0,0.033,0.428355579049197,0.956480122962226
"TCGA-61-2109-01",0.590230517416771,0,0,0.409769482583229,0,0.011,0.53303907120024,0.876215653933214
"TCGA-04-1514-01",0,0,0.232623534533085,0.767376465466915,0,0.489,0.060528583625687,1.0944306315495
"TCGA-VG-A8LO-01",0.526635139086744,0.0567832719273982,0.0196232817157594,0.396958307270099,0,0.002,0.604727794882331,0.808169318422443
"TCGA-24-1549-01",0.155722074749392,0.276395582820634,0.099657099898093,0.468225242531881,0,0,0.652087156787563,0.760034704737004
"TCGA-29-1784-01",0.391681665183933,0.608318334816067,0,0,0,0.018,0.497192496570756,0.912947517549596
"TCGA-13-A5FT-01",0.338184433299577,0,0,0.661815566700423,0,0.024,0.47396459512237,0.900751388124013
"TCGA-61-1736-01",0.416434420729263,0,0.0323843684204408,0.502068636368033,0.0491125744822639,0.054,0.375397227683894,0.962809808533253
"TCGA-OY-A56P-01",0.873655010564734,0,0,0.126344989435266,0,0.217,0.191361237422509,1.19713026032219
"TCGA-29-1690-01",0.235637663930417,0.518961181832843,0.24540115423674,0,0,0.101,0.297573726467081,1.01652726317714
"TCGA-29-1761-01",0.655163647102049,0,0,0.344836352897951,0,0.675,-0.00898986104933114,1.26873210281644
"TCGA-24-2281-01",0.0331999420460661,0.126346251875653,0.0747912253917866,0.765662580686494,0,0.092,0.305868643739005,0.980882219311583
"TCGA-61-1738-01",0.0248383231703663,0.256263420214057,0,0.718898256615577,0,0.107,0.292937215543924,0.996140298015365
"TCGA-25-2400-01",0.35172476139046,0.112585587098703,0,0.535689651510837,0,0.113,0.284953111179741,1.03089177476233
"TCGA-61-2098-01",0.731855417466985,0,0.0776748364877826,0.190469746045233,0,0.144,0.242544069518409,1.11546798827339
"TCGA-59-2363-01",0.378395151289803,0,0.0586668050123178,0.562938043697879,0,0.216,0.192419845190837,1.08223024768475
"TCGA-24-1567-01",0.522127341602223,0,0.0110696955711717,0.466802962826605,0,0.074,0.332543927540255,1.01928093952846
"TCGA-61-1918-01",0.497212540759552,0.364178909771615,0.138608549468833,0,0,0.024,0.476529052409603,0.91944814500928
"TCGA-36-1574-01",0.0103643531363041,0.579507969786237,0.201372698224817,0.208754978852642,0,0.107,0.293881969685516,0.987557092509689
"TCGA-24-2023-01",0.39656928957251,0.0978858617236723,0,0.505544848703818,0,0.012,0.525919587027299,0.865989887368084
"TCGA-13-1511-01",0.0240747769536614,0.431853645467183,0.167543113909809,0.376528463669347,0,0.047,0.389391668944895,0.928220052156376
"TCGA-25-1318-01",0.168533291239357,0.541276659167225,0.290190049593418,0,0,0.00800000000000001,0.539986773188701,0.84414301815258
"TCGA-25-2392-01",0,0.972177756652857,0.0278222433471426,0,0,0.00800000000000001,0.541425619747768,0.857111395442031
"TCGA-24-1474-01",0.439411231532583,0.0631522602986324,0,0.497436508168785,0,0.016,0.501346968590334,0.888061656022494
"TCGA-24-1846-01",0.0101495174842092,0,0.341466168017321,0.64838431449847,0,0.348,0.118844865332088,1.06455687516713
"TCGA-09-1659-01",0.456243110688162,0,0.120811121676963,0.422945767634875,0,0.231,0.181807924304333,1.09344419783802
"TCGA-24-2027-01",0.14886853227354,0,0,0.85113146772646,0,0.141,0.245530929657587,1.039735378155
"TCGA-29-1693-01",0.0044957518598403,0.346177645758911,0.276403319656439,0.354960204144415,0.017963078580395,0.055,0.372361726441468,0.930711544595484
"TCGA-20-1682-01",0,0.533227713178805,0.364988367624215,0.10178391919698,0,0.12,0.275635130458853,1.00113727034006
"TCGA-09-0366-01",0,1,0,0,0,0.0570000000000001,0.365998321300077,0.991385986422289
"TCGA-24-1434-01",0,0.39820498920755,0.60179501079245,0,0,0.142,0.244370154055048,1.0525457219668
"TCGA-61-2003-01",0.202957209009076,0.408737562035722,0.388305228955202,0,0,0.036,0.416887838258107,0.932976149349434
"TCGA-24-1545-01",0.0325679159979375,0.452326165522209,0.515105918479854,0,0,0.056,0.368515936833316,0.962615020684231
"TCGA-61-2012-01",0.127928292166089,0.708466559989205,0.163605147844706,0,0,0.069,0.350834357877355,0.981770173850536
"TCGA-25-1632-01",0.924390054043961,0,0,0.0756099459560391,0,0.022,0.483859260442136,0.975205925236481
"TCGA-24-2267-01",0.506112796243151,0.0928462039017781,0.150126127640838,0.250914872214233,0,0.012,0.525671918269211,0.866436162468992
"TCGA-24-2261-01",0.281487889934826,0.490720772794981,0.227791337270193,0,0,0.038,0.410796126607187,0.945357930434747
"TCGA-25-1316-01",0.405518598814234,0,0.310005330149995,0.284476071035771,0,0.142,0.244223704385756,1.04426239962886
"TCGA-09-1668-01",0.194412915908852,0.496656892987588,0.0228073961991388,0.286122794904421,0,0.0570000000000001,0.363357777845244,0.97186128664411
"TCGA-29-1770-02",0.567263864487369,0.200699789559459,0.0510893026675391,0.180947043285632,0,0.034,0.426486417816223,0.961938516502164
"TCGA-61-1733-01",0.0849992319981836,0.474131768830495,0.440868999171321,0,0,0.074,0.332620226596812,0.983593956373825
"TCGA-3P-A9WA-01",0,0.597211450416544,0,0.402788549583456,0,0.00700000000000001,0.54707589398222,0.839000145649937
"TCGA-24-1425-01",0.223220840664849,0.325020481088484,0.451758678246667,0,0,0.162,0.231633585856894,1.05894261131694
"TCGA-29-1691-01",0.0565476988228608,0,0.15284477859861,0.790607522578529,0,0.134,0.255829746789721,1.00529169167903
"TCGA-61-2101-01",0.454112219766045,0,0.417793655587565,0.12809412464639,0,0.125,0.271916650368742,1.0463699904941
"TCGA-59-2352-01",0.429155499511064,0,0.313946104290523,0.256898396198413,0,0.435,0.0804676777591769,1.14584492141382
"TCGA-OY-A56Q-01",0.786924809285563,0,0,0.213075190714437,0,0.00700000000000001,0.560977382177124,0.877597070510668
"TCGA-04-1365-01",0.0821087402593165,0,0,0.917891259740684,0,0.071,0.33905957883569,0.97946648707157
"TCGA-24-1563-01",0,0.265586268979742,0.561982539605283,0.172431191414975,0,0.101,0.297916606728051,0.99891187939701
"TCGA-13-0897-01",0,0.187835075300425,0.0589909435963522,0.753173981103223,0,0.37,0.106389932842005,1.08645248718748
"TCGA-24-2019-01",0,0,0.29141259908558,0.70858740091442,0,0.038,0.411283475695683,0.910460244349336
"TCGA-36-1578-01",0.178566950473166,0.238119948664198,0.146762791870871,0.436550308991765,0,0.206,0.201269583451321,1.04334361304951
"TCGA-61-2016-01",0.429325497573623,0.480461351300682,0.0902131511256953,0,0,0.00600000000000001,0.564558318254291,0.847007136867312
"TCGA-13-1498-01",0.216636390882519,0.255146231820848,0.0743517652553185,0.453865612041314,0,0.026,0.459801869947604,0.897767000908937
"TCGA-24-1842-01",0.424217314150312,0.387031527343371,0.188751158506317,0,0,0.041,0.399704768899943,0.967044790077722
"TCGA-13-1405-01",0.391244513744582,0.131107875572861,0.223573379922798,0.254074230759759,0,0.0590000000000001,0.361926039769274,0.970573883197361
"TCGA-24-2298-01",0.041170080186732,0.729833458680066,0.224166106887988,0,0.00483035424521398,0.036,0.41664127756068,0.928385689822495
"TCGA-25-1328-01",0,0,1,0,0,0.00700000000000001,0.555974528284472,0.910884484656875
"TCGA-30-1860-01",0,0,0.0418308205370156,0.958169179462984,0,0.069,0.349736337915806,0.9640985690617
"TCGA-25-1631-01",0.515332413598126,0,0.0109196117443099,0.473747974657564,0,0.031,0.435693999481197,0.943844338905425
"TCGA-13-0893-01",0,0.33351019358248,0.111821971046893,0.554667835370627,0,0.035,0.424094250584044,0.907522885301572
"TCGA-23-1122-01",0.535420201556378,0,0,0.464579798443622,0,0.224,0.18597307480064,1.12113006659696
"TCGA-13-2060-01",0.630935258731613,0.178334059434553,0.190730681833835,0,0,0.226,0.184017531097681,1.14268471570665
"TCGA-13-0890-01",0.307295325943956,0,0.424280777129777,0.268423896926266,0,0.129,0.265058645282551,1.02593572980874
"TCGA-59-2350-01",0,0.234989500255872,0.0695493701663344,0.695461129577793,0,0.026,0.462690773100762,0.886466139145492
"TCGA-WR-A838-01",0,0,0,1,0,0.141,0.245894777889887,1.03504174232862
"TCGA-24-1467-01",0.46894709153706,0.238843029506995,0.0933838867145877,0.0278240135953273,0.171001978646031,0.024,0.475196821016329,0.897222556069704
"TCGA-09-1673-01",0.460852555721087,0,0.122118547856889,0.417028896422025,0,0.523,0.0470911797794033,1.17280507825284
"TCGA-24-1544-01",0.859403898601803,0,0,0.140596101398197,0,0.238,0.17629927310732,1.20380973919164
"TCGA-04-1364-01",0,0,0,1,0,0.13,0.262488619969629,1.02510863913632
"TCGA-61-2102-01",0,0,0.666413741317288,0.333586258682712,0,0.206,0.200347210023326,1.07393874776267
"TCGA-24-1550-01",0,0.200776630741633,0.799223369258366,0,0,0.071,0.342201612082859,1.03228049417836
"TCGA-24-1419-01",0.40946131480723,0,0,0.59053868519277,0,0.092,0.305514914361696,1.02438332527248
"TCGA-24-1849-01",0.024708825807737,0.0982812630719498,0.805864944023274,0.0711449670970395,0,0.0610000000000001,0.359075128351847,1.01848375685391
"TCGA-25-1320-01",0.278818584964,0,0.502182428379519,0.218998986656481,0,0.163,0.230595386196747,1.0547988907584
"TCGA-30-1861-01",0,0,0.666226160386817,0.333773839613183,0,0.176,0.22065911357301,1.06149246289004
"TCGA-13-1410-01",0.547450667420913,0,0.0746355254530752,0.377913807126012,0,0.048,0.386755657322187,0.977418085521656
"TCGA-25-1627-01",0.524144601964349,0.256608922915854,0.219246475119798,0,0,0.011,0.527627422898301,0.874141122920389
"TCGA-30-1857-01",0,0.371384085091258,0.298076047087312,0.330539867821429,0,0.083,0.32433437170229,0.96008672860535
"TCGA-13-0920-01",0.233590218521033,0,0.0637939346495162,0.70261584682945,0,0.129,0.265134557900238,1.02214149455802
"TCGA-09-0367-01",0.250858839932252,0.749141160067748,0,0,0,0.001,0.628241427824527,0.79307674885979
"TCGA-24-1416-01",0.248982678560289,0.157246413473007,0,0.358351341979808,0.235419565986896,0.026,0.461544866156647,0.889436429300528
"TCGA-24-0975-01",0.0753472358509682,0.131949798954496,0.481524341866613,0.311178623327922,0,0.054,0.374640032060425,0.942448123148427
"TCGA-24-2293-01",0.129773834124847,0.467053344412305,0.403172821462847,0,0,0.26,0.162729677949573,1.08804129429634
"TCGA-61-1743-01",0.465195635683781,0.0663953070535546,0.0158881095017043,0.452520947760961,0,0.234,0.178724281891925,1.11166737426138
"TCGA-31-1944-01",0,0.283709288111425,0.319690594660626,0.396600117227949,0,0.217,0.191199215817848,1.02685853218291
"TCGA-25-1317-01",0.428337000396073,0.25907536716828,0.312587632435647,0,0,0.107,0.293683348101238,1.03555819754256
"TCGA-25-1635-01",0,0.231104076634049,0.619817820527894,0.149078102838057,0,0.04,0.401299733229752,0.941645459230997
"TCGA-29-A5NZ-01",0.685700116628292,0,0.314299883371708,0,0,0.179,0.218553653880325,1.12377086536618
"TCGA-25-1628-01",0,0,0.795058824526974,0.204941175473026,0,0.071,0.341527786862145,1.02051043029774
"TCGA-24-1553-01",0.421162342866881,0.426706107277584,0.152131549855535,0,0,0.011,0.531705710075494,0.868412329326126
"TCGA-61-2092-01",0.555372648654387,0,0,0.444627351345613,0,0.054,0.374155021082061,0.996016151558493
"TCGA-25-1329-01",0.158053164522563,0.280810782215338,0.561136053262099,0,0,0.202,0.20335501269038,1.08424433109936
"TCGA-24-1844-01",0.567112516972198,0.387760240255695,0.0451272427721069,0,0,0.026,0.463621444837856,0.94767396496055
"TCGA-24-1603-01",0.969079942510502,0,0,0.0309200574894977,0,0.027,0.451566769455801,1.01498425335658
"TCGA-09-2044-01",0.1576442281968,0.540575496261203,0,0.301780275541997,0,0.084,0.322686564443971,0.998277391774202
"TCGA-61-2008-02",0,0.354156411750171,0.00702584130246519,0.638817746947364,0,0.054,0.377101578659355,0.943788539320705
"TCGA-23-2078-01",0.0713716940456839,0,0.315192484752768,0.613435821201548,0,0.348,0.118830946903324,1.06889886048286
"TCGA-20-1683-01",0,0,0.247218011975498,0.752781988024502,0,0.166,0.227363208116532,1.01083934000696
"TCGA-13-1505-01",0,0,0.769456140306893,0.230543859693107,0,0.134,0.255770646212161,1.07198635085559
"TCGA-24-2254-01",0.439473154513828,0.171342208189203,0.190621425767994,0.198563211528974,0,0.047,0.389666068203555,0.960927540498673
"TCGA-23-1120-01",0.00980805187343678,0.33800027312154,0.095974010221059,0.540374078622023,0.0158435861619413,0.045,0.392742538887981,0.924510027989128
"TCGA-24-1546-01",0,0.26986021073791,0.619647082437286,0.110492706824804,0,0.045,0.391747357482599,0.950038008273241
"TCGA-24-1557-01",0,0.948120403245717,0,0.0518795967542833,0,0.011,0.530404185236843,0.865462897671008
"TCGA-59-2351-01",0.13984480916796,0.326406586727397,0.178191012354653,0.355557591749991,0,0.039,0.407691623805179,0.922376137495022
"TCGA-24-2289-01",0.0835246829443324,0.295432301041492,0.621043016014176,0,0,0.167,0.226021931643159,1.07441951030314
"TCGA-13-1481-01",0.165761496585659,0,0.793282453088474,0.0409560503258671,0,0.101,0.298086621114153,1.07465757087412
"TCGA-25-2397-01",0.387583108586738,0.322702014507452,0,0.28971487690581,0,0.00600000000000001,0.571897638134157,0.833829272862141
"TCGA-09-2045-01",0.635343736655147,0.364656263344853,0,0,0,0.001,0.625346765119051,0.814614173781369
"TCGA-24-2290-01",0.355003672769916,0.400429190574453,0,0.244567136655632,0,0.012,0.520699947589229,0.875078180265087
"TCGA-61-2000-01",0,0.586798022747564,0,0.413201977252436,0,0.349,0.118141522960692,1.09745695163055
"TCGA-09-2048-01",0.259810501130451,0,0.264420069562185,0.475769429307364,0,0.36,0.112060020205783,1.09440834707737
"TCGA-61-1907-01",0,0.416503457414995,0,0.583496542585005,0,0.128,0.265559854326942,1.01013771151885
"TCGA-23-1111-01",0.6112804339394,0.171324476781644,0.217395089278956,0,0,0.044,0.395279163272425,0.987832519107298
"TCGA-31-1959-01",0,0.0641319800528092,0.707559016038816,0.228309003908375,0,0.113,0.285051482212312,1.03420024747328
"TCGA-24-1560-01",0.922764477632909,0,0.0772355223670915,0,0,0.00600000000000001,0.563851107737716,0.894224021636974
"TCGA-29-1783-01",0.577149062721418,0.187099649028828,0.235751288249754,0,0,0.045,0.393053777252487,0.984483912377066
"TCGA-59-2348-01",0,0.512855777810572,0.0766677365267349,0.410476485662693,0,0.088,0.31407835620016,0.976582958061533
"TCGA-24-1424-01",0.117407827850016,0,0.341082732292482,0.541509439857503,0,0.224,0.186176408879127,1.0397166296174
"TCGA-13-1507-01",0,0.138022151883528,0.590245745536117,0.271732102580355,0,0.196,0.205912385816704,1.05385157171674
"TCGA-25-2404-01",0,0.522220320660884,0.477779679339116,0,0,0.07,0.345030369657567,0.973328622139589
"TCGA-61-2095-01",0.900637285447178,0,0.0993627145528222,0,0,0.343,0.122568087920149,1.24630544857138
"TCGA-29-1702-01",0.881036167714335,0.0998725430445321,0.0190912892411331,0,0,0.4,0.0946167279512443,1.27599749438513
"TCGA-24-1417-01",0.127020087789423,0.304453525278066,0.112228802963959,0.456297583968552,0,0.128,0.266915257305377,1.00547650138456
"TCGA-57-1585-01",0.251993157349794,0,0.559537388535943,0.188469454114263,0,0.092,0.304394781058687,1.01497077580416
