Input Sample,B cells naive,B cells memory,Plasma cells,T cells CD8,T cells CD4 naive,T cells CD4 memory resting,T cells CD4 memory activated,T cells follicular helper,T cells regulatory (Tregs),T cells gamma delta,NK cells resting,NK cells activated,Monocytes,Macrophages M0,Macrophages M1,Macrophages M2,Dendritic cells resting,Dendritic cells activated,Mast cells resting,Mast cells activated,Eosinophils,Neutrophils,P-value,Pearson Correlation,RMSE
X60120,0.0011963281196948684,0.037928469891014054,0,0,0,0.4801513451540779,0,0.06642471129336175,0,0,0,0.07414261506253611,0.027136188363134937,0.014488000638293906,0,0,0,0,0,0.2985323414778865,0,0,0.764,0.0002,1.15201123625775
X32117,0.06980245672720434,0,0,0,0.243018440738811,0,0,0,0.12329368097004993,0,0.21352403616531568,0,0,0.011892842020745437,0,0,0.2404359978245889,0,0,0.09803254555328474,0,0,0.998,-0.0676,1.127421728678242
X23066,0.03662593812683509,0,0,0,0,0.1788613056270221,0,0,0.115270924894272,0.12255231556216291,0.10701378594720715,0,0,0,0,0,0.26886204151216847,0,0,0.17081368833033228,0,0,0.795,-0.004,1.1089243262464659
X60267,0.07836148665257622,0,0,0,0,0.3658807696391398,0,0,0.05582428027493161,0,0.051742402501486075,0.10651543398584902,0.011162499180802053,0.01273652694542442,0,0,0,0,0,0.19367075157452046,0.12410584924527036,0,0.57,0.02308032929913619,1.117869939766558
X51174,0.02915516979674187,0,0.0017479916709805404,0,0.14780415145466191,0.06160985858927397,0,0,0,0,0.07427321818136463,0,0.12151535885742558,0,0,0.2319649772464554,0.05588026412551136,0.046157536428330134,0.19347248357512412,0,0.029434150065382744,0.006984840008747681,0.288,0.06423828554007746,1.0480294910932468
X51068,0.06816191341019229,0,0,0,0,0.168395603338436,0,0,0.20214936954771323,0,0.03416209050915382,0.016375862680153216,0.07061196225140333,0,0,0,0.14273070556783468,0.048879403380547214,0.16254594963711014,0.08598713967745608,0,0,0.844,-0.0107,1.0831834335901873
X23177,0.08374307224108996,0,0,0.054581763050171636,0,0.2964488271971557,0,0,0.1808640070966231,0,0.08454782107403716,0.07404191230981709,0.022042254745548856,0,0,0.03246186848776223,0,0.008420160926978374,0.11733651378798696,0,0,0.045511799082829,0.434,0.041618737778325,1.088341998564445
X23052,0.008143324295643233,0,0,0,0.08129117018179473,0.12223071241129856,0,0,0,0,0,0.02253626625883105,0.4674792232537772,0.008361962522761565,0,0.02129573523868143,0.19374441609145981,0.056878794963519975,0.018038394782232407,0,0,0,0.002,0.35671271951331196,0.9435018857460756
X60170,0,0.27158729036056867,0,0,0.3377664842297613,0,0,0,0.2029525356397788,0,0.05050482720603547,0.013287601262964634,0,0.04463824762473101,0,0,0,0,0,0.07926301367616015,0,0,1.0,-0.0773,1.1334127093290345
X70070,0.3914594390547017,0,0.06175588676378669,0,0.30719509149967444,0,0,0,0.06543651806840538,0,0.08793989590955813,0,0,0,0,0,0,0,0,0.08621316870387365,0,0,1.0,-0.0901,1.161949706132379
X44262,0.12063497947052297,0,0,0,0.16518550155878814,0.2725595693702507,0,0,0.002617256794273497,0,0.1028975919368884,0,0,0,0,0,0.13712888186442154,0,0.07619858260023692,0,0,0.1227776364046178,0.966,-0.0369,1.1063361500801787
X22027,0.02860767603468176,0,0,0,0.1807358669299222,0,0,0,0.21148717000802902,0,0.12197740401637842,0.08162687290865775,0.2645677561346286,0,0,0,0,0,0,0.11099725396770224,0,0,1.0,-0.0883,1.150996520668758
X70057,0.1053017509204873,0,0,0,0,0.46867229381653974,0,0,0.14582838479049773,0,0.10584465247823209,0,0.07363615825078898,0.0024996087432100065,0,0,0,0,0,0.09821715100024411,0,0,1.0,-0.0949,1.155055343370351
X23036,0.08646232770089467,0,0,0,0.22523830070667772,0.09260084307071595,0,0,0,0,0.09479258858853908,0.0986141127236026,0.07641990161766225,0,0,0,0.22584556336574535,0,0,0.0003,0.024833184121851027,0.07492394893358796,0.936,-0.0275,1.1077038315479402
X22002,0,0,0,0,0,0.46802517160049484,0,0,0,0,0.13676211980398903,0,0.0665017648398008,0,0,0,0.0685541114152989,0.12790410541266584,0.053837683813430535,0.06764418383762942,0.01077085927669064,0,0.717,0.005734384170384837,1.1004845655235338
X70144,0.09793449285976377,0,0,0,0.08433165834828839,0.09939667633440179,0.06495810320713043,0,0.08737418756376726,0,0.23112675091739004,0,0.07612325770556358,0.06661824201963236,0,0,0.10057116866486553,0.010378383707116533,0.0401694266818982,0,0.0038293377363950868,0.03718831425378702,0.873,-0.0143,1.0956735559411674
X70056,0.14478837712377737,0,0,0,0,0.2328938941985571,0,0.04124847286896623,0.12238935648362184,0,0.05559763475557535,0.04465217810602698,0.06492227166562027,0.04562086930599225,0,0,0,0,0,0.22076489312135542,0.014706475899880273,0.01241557647062681,1.0,-0.0907,1.1455034577677639
X70055,0.1943498990039445,0,0,0,0.2524001383766468,0.04285784860015482,0,0,0.15882778028292663,0,0.195213106562031,0,0,0,0,0,0,0,0,0.15635122717429623,0,0,1.0,-0.0891,1.1631917639266631
X95014,0.18816281979061586,0,0.0077094581692487224,0.03554511387102808,0.159052193472215,0,0,0.33924772823589144,0,0,0.04037176306588154,0,0,0,0.03969388906013895,0,0,0,0,0.13259044808495507,0.05762658625002532,0,0.971,-0.0385,1.127776787361496
X95002,0.08998621840788606,0,0,0.03527349581539766,0,0.16671071620425698,0,0,0.23203256179495022,0,0,0.27922706189870455,0,0.031940096100010064,0,0,0,0,0.16482984977879445,0,0,0,1.0,-0.125,1.2114555140333443
X94099,0.08362431815287018,0,0,0.019686524009288057,0,0.34288508177352495,0,0,0,0,0.39047823190214437,0.0014104879686282737,0.02555958626605766,0.040899131223205515,0,0,0,0,0.09545663870428103,0,0,0,0.992,-0.0542,1.1996774131515076
X94093,0,0.02529729210946867,0,0.4550823668531119,0.040041146327967646,0,0.04807868008830693,0.0812215541772037,0,0.08290353072789794,0,0.022546351636671586,0.07393848521825284,0,0.04271181399968175,0.09556836906234838,0,0,0.00589218822619059,0,0.026718221572898198,0,0.003,0.3076108220932255,0.9778342592302067
X94084,0.16159265218942062,0,0,0,0.35792909265875666,0,0.14946037139615906,0,0,0,0,0,0,0.27583866419154834,0,0,0.013813327013453586,0,0.025761622539099107,0.01560427001156262,0,0,1.0,-0.0923,1.137805604058046
X94082,0.050194504680367874,0,0,0,0,0.4165511086874848,0,0,0,0,0.18155567693183178,0,0.020293133462658115,0.054818429742022716,0,0,0.0352161769774201,0.009250754750950796,0,0.23212021476726388,0,0,0.411,0.04481553411062668,1.109912635468265
X94070,0.31292906780682495,0,0.08473174489381793,0,0,0.09336977980208405,0,0,0.41326466110118776,0,0,0.03446210505653906,0,0.06124264133954629,0,0,0,0,0,0,0,0,0.999,-0.0735,1.1408138967265513
X94067,0.0871832727078999,0,0,0,0.0967194347823729,0.28013876315955416,0,0.03442425993445597,0,0,0.10099205812225076,0,0.0144776580923365,0.22871798309635777,0,0,0,0.04752202287871961,0,0.10982454722605244,0,0,0.534,0.02769455103562876,1.0899415021828933
X94056,0,0.0386358748312993,0.27123098698650683,0.02198811355382313,0.3387258401676791,0.022031610745533867,0.014638180853316186,0,0,0,0.12106162880959494,0,0,0.11761197910037165,0,0,0,0,0,0.05407578495187496,0,0,0.216,0.08180007237927892,1.0771543847860456
X94044,0,0,0,0,0.47637885550663583,0,0.00978468099313978,0,0,0,0.1536318573595445,0,0.10207496659012122,0.2581296395505587,0,0,0,0,0,0,0,0,0.991,-0.0493,1.1444303909680282
X94025,0,0,0,0.2706526603847054,0,0,0,0,0.2269039983448958,0,0,0.10725618240347287,0,0.21918214173203168,0,0,0,0,0.17600501713489422,0,0,0,1.0,-0.1258,1.1665082762465184
X94019,0.367436548748647,0,0.028587553829641465,0,0.18209974985525312,0,0,0.09572557907010107,0,0,0.05188587117148604,0,0,0.21822380427406032,0,0,0,0,0,0.05604089305081094,0,0,0.925,-0.0248,1.1164154486292783
X93075,0.39164454190285153,0,0,0,0.10095613447751978,0,0.05765389537996064,0,0.05193021023006175,0,0.19410783735440165,0,0,0.02295404127599841,0,0,0.05703477977942279,0.03626172588779267,0,0.08745683371199076,0,0,1.0,-0.1516,1.1753055726018709
X93050,0.009664451302633726,0.01723862363835146,0.0405340004874726,0.24881954205523904,0,0,0,0.13443634962011505,0.10171406001872974,0,0,0.07380630826592198,0.014872442982141569,0,0.039652113725974304,0.24275025459763744,0,0,0.05182371396921802,0,0,0.02468813933656503,0.189,0.09067113185363533,1.049859763139418
X93031,0.12848043345374704,0,0,0.017331804766676104,0,0.2258796183539735,0,0.04876178762115114,0.14036766018457442,0,0.06255593723381425,0.28504582313036686,0,0,0,0,0,0,0.09157693525569671,0,0,0,0.805,-0.0049,1.1820153187174138
X93006,0.04950324994509277,0.032810922466939015,0,0.18870806117496414,0,0,0.08611862354250827,0.130930092815636,0,0.05892860068760059,0,0.04761487971054193,0.08651346512723156,0,0.11482367878802073,0.06246363129178855,0,0.026062696707403462,0.07045336371151367,0,0.016665041695538268,0.028403692335221102,0.013,0.2285213803005454,0.9952203958004586
X92074,0.1262491490457007,0,0.02406909510497321,0.11787825563731216,0,0.09172290204463951,0,0.10478036600562449,0,0.0917736219723214,0,0,0.002089347305164847,0.023631733262180828,0.01503617375161183,0.1661905856192217,0,0.016940490536006467,0,0.1747166839779113,0.037196777003188346,0.007724818734143196,0.084,0.13405940524823523,1.0340987209625276
X92071,0,0.1718253826975533,0,0,0,0.13396409099722353,0,0,0.05002494391728731,0.05971053340714486,0,0.09682290535322227,0.08589658953195421,0.012996518977275093,0.06565243920548824,0.21763590153070017,0.04396117824232844,0,0.051959383047999956,0,0.009550133091822557,0,0.056,0.16138647300239045,1.0127398129466214
X92065,0,0.00857051902223344,0,0.17520382026376183,0,0,0.17607915311988223,0.068965401470342,0.0036084520360476673,0.1264765812490229,0,0.039166928980249115,0,0.01538806789780084,0.10226630617795701,0.2078668004552179,0,0,0.06471311712171,0,0,0.011694852205775132,0.008,0.25555336994608147,0.9868646188317511
X92004,0.02919373683127111,0,0.059050931151503,0.040414519443131784,0,0.1380957882314624,0.2947909828026748,0.04047507738594824,0,0,0.12932395123920168,0,0,0.03701880497047879,0.003091142713275949,0.04028364476733283,0.0023626787526688136,0.17462120686972638,0.011277534841324214,0,0,0,0.008,0.25681048402539025,0.9837150913337617
X92003,0.13287059221640976,0,0,0,0.4014199160153835,0,0,0,0.05356411455897939,0,0.2185417418560231,0,0,0.08024125036975635,0,0,0,0,0.11336238498344789,0,0,0,1.0,-0.0961,1.1568242322160955
X86058,0,0.06424866779907286,0.24165211520499605,0.0997284210180576,0,0,0.06356040729358407,0.07389912031255262,0,0.03788019644244758,0,0.041482756352386164,0.0652726253676075,0.23687689114671986,0.02267449305249383,0.042722733269638234,0,0.0021289487345082393,0,0,0.007872624005935398,0,0.003,0.34050678373473053,0.9469091937398264
X70148,0,0.29931190296869437,0,0,0,0.16805818072050546,0,0,0.32378535689012106,0,0,0,0,0.05509172273583571,0,0,0,0.10451021596675265,0,0.04924262071809074,0,0,1.0,-0.0845,1.1183884944873044
X70135,0.016807298890781103,0,0.03889973375292038,0,0.2724011100911342,0.07486335760598303,0,0,0.1558995784662105,0,0.07303174073840536,0,0,0.08644832614533775,0,0,0,0,0.11700475444457044,0.09025907844923302,0,0.0743850214154242,0.989,-0.0476,1.1146607400007358
X70125,0,0.040541376378026926,0.11566138265934046,0.08038360792123096,0.05689470422534933,0,0.2532908310415686,0,0,0.14399743178439184,0,0,0,0.05062993980988639,0.0074867724938543845,0.14732198727952692,0,0,0,0.07879290518830527,0.01667157727486409,0.008327483943654887,0.061,0.15608556403813215,1.019201963907635
X70124,0,0,0,0.11792078442897345,0,0,0.10078245790766643,0.19334528415362995,0,0,0,0.10015440771230681,0.0322822763505475,0,0.04141070581976596,0.1563969626975523,0,0.03726799682808619,0,0.0953159180387032,0.09862719449150138,0.026496011571266805,0.797,-0.0041,1.0952581842249678
X70123,0,0.09305341873698625,0.014238784854915601,0.22287989449636095,0,0,0.04762952706228143,0.08404060128890199,0,0.15404809413252094,0,0.12146189108797358,0,0.00633651054073783,0.044485402836169544,0.06492830072859883,0,0.05815363119104022,0.07147928523806649,0,0.0015001976829623887,0.01576446012248398,0.175,0.09668353274588373,1.0805909380994299
X70119,0,0.02858683185705504,0.3692898023320231,0.16639956712150358,0,0.026348780819657962,0.10682006360061225,0.026219520196938483,0,0.07889938047094615,0,0.024196693170449212,0.015643636329842066,0.03568531274895333,0.016300973420917995,0.049533278638680026,0,0.005692605598570521,0.020811191874261507,0,0.020736773534180006,0.008835588285408745,0.002,0.36794552067568764,0.9423424624004166
X70118,0,0.00727651484811579,0,0,0.10782450482643946,0.1130952306782332,0.02153283135108607,0,0,0,0.16634639203691604,0,0,0.25323843931706863,0,0,0.03036924493357889,0.07027527192428304,0,0.1864680870099453,0,0.043573483074333556,0.106,0.11961529659333438,1.0665758780483168
X70115,0.07268998374618757,0,0,0.16500431549713127,0,0.18065686236024728,0,0,0,0,0,0.05957510826493766,0,0.05396413276012038,0.013663102129669313,0.10488295622875063,0.018644732654683374,0,0.3048849373484035,0,0.02603386900986903,0,0.029,0.19153215886035577,1.014985548802941
X70107,0,0.00791524159034977,0.065188493862675,0.12863243338502828,0,0.023930213831108767,0.14126481735001556,0.1025965444206625,0,0.1732793074829043,0,0,0.02607107349946527,0.08441034466031165,0.029028424784807157,0.10630272262978384,0.035324687823072874,0.0011618847486717593,0.028188717246647312,0,0.046705092684496,0,0.006,0.27742320305242896,0.9695997045124736
X70103,0.014103672905912301,0,0.07811104338398821,0.2267961567050277,0,0,0.1511770619799319,0.06691806361036942,0,0.045863586155356774,0,0.07083765626186597,0.02895578639180907,0.008311727244609412,0.01437087789515916,0.18376440851820774,0,0.010872013893036209,0.09991794505472618,0,0,0,0.008,0.2594796583466463,0.9778233151936515
X70102,0,0.005757330097925557,0.004186439410841534,0.09289343068284642,0,0.07321040719759864,0.2397994977837788,0,0,0.08695956366190223,0,0.04332281217512249,0,0.027624359885480926,0.022353601992263338,0.11806917148375057,0,0.10137809407394857,0.13272792387372398,0,0,0.05171736768081697,0.036,0.17989727436573202,1.010419649829626
X70100,0.07254959664995055,0.21329567237410185,0,0,0.02338979383298419,0.05777602053628562,0,0.15731113518155146,0,0.015200674568959203,0,0.12111820238228731,0.15896547057773663,0,0.0018497646382532585,0,0,0.10615989450531585,0,0.024343541540216687,0.026610982342100225,0.021429250870257165,0.195,0.08883183700885007,1.049661479955752
X70088,0,0.1888580112807755,0,0,0,0.19415384071351813,0,0.09695189526559603,0.009628792288892078,0,0,0.14516450623179078,0.08360946712035305,0,0,0,0,0.24118235916823963,0,0.00707356818656721,0.03337755974426758,0,0.777,-0.0016,1.101489441706198
X70086,0,0,0,0,0.10801011865549645,0,0.25180832414434096,0,0,0.04116084353395748,0.058593425779081734,0.02653114794048605,0.03803713691224671,0,0,0.13951924496456233,0,0.13461620743317187,0.08611124960477254,0,0.014894857920727849,0.10071744311115603,0.455,0.03765713405172824,1.0640178523546346
X70077,0,0,0.039805039952623536,0.13133758269970636,0,0,0,0.06246191238964684,0,0.08595251710195045,0,0.17168457791898523,0,0.023188327252466088,0,0,0.19867668341452857,0,0.286893359270093,0,0,0,0.202,0.08668380686762547,1.0834726260160918
X70054,0,0.08637198629119418,0,0,0.4763482287266204,0,0,0,0,0,0.03992150413247148,0,0,0.3088626050769162,0,0,0,0,0,0.08849567577279771,0,0,1.0,-0.1302,1.1812086051966857
X70049,0.1322827769917891,0,0,0,0.14202471856829055,0,0,0,0.18393824804106482,0,0.24402358381346514,0,0,0.07302172138146466,0,0,0,0.0724306537967602,0,0.15227829740716553,0,0,0.769,-0.0002,1.1151718052065103
X70048,0,0.045620098744178085,0.0005,0.28678946651625875,0,0.05934989028129373,0.001175866705432746,0.04744913047576573,0,0.19431239393521924,0,0.13564380108636762,0,0.0035082998962384765,0.03710776920511076,0.05429682766261349,0.043930764538132654,0,0.09029212299811164,0,0,0,0.001,0.4083397439841005,0.9303169148708953
X70045,0.05590064615453235,0,0,0,0,0.3226659625634832,0,0,0,0,0,0,0,0.05136099122180653,0,0.006591362047098349,0.15928179980692792,0,0,0.15515589846282857,0.018948716929109724,0.23009462281421347,0.13,0.11325907696387294,1.061116436466554
X70039,0,0.19606967217741292,0.005111608727193256,0,0,0,0.22436445362545132,0.09443073460380047,0,0.19315301047971242,0,0,0,0,0.004114878139440753,0,0,0.1502920566208383,0.034105211773747035,0,0.04316133930607528,0.05519703454632823,0.981,-0.0427,1.0975943863881832
X70005,0,0,0,0,0,0.27324609300230784,0,0,0.26341601570589585,0,0.17916676691882857,0,0.022510024957951656,0.11124736455966704,0.04692929162023558,0,0,0,0,0.10348444323511341,0,0,0.998,-0.0695,1.1450976247133595
X70003,0,0.138979126235182,0,0,0.13160684642012327,0,0,0,0.2953055469759525,0,0.1494975433490817,0,0,0.03556807634711035,0,0,0,0,0,0.24904286067255016,0,0,1.0,-0.0988,1.1638310117107675
X60318,0,0.03087758986397288,0,0,0.4427958822405503,0,0,0.06092773689154076,0.0917361195261551,0,0.16845642771528743,0,0,0.14074565023072244,0.00234406810281851,0,0,0,0,0.062116525428952594,0,0,1.0,-0.0965,1.168249703987213
X60258,0,0.001466514065801436,0.11058886035178914,0,0.1018893816899174,0,0,0.17000466974119874,0,0.12583350941654073,0.15758713791897502,0,0,0.14331136864500946,0,0.126222965428967,0,0,0,0.028798598017900565,0.03429699472390057,0,0.35,0.05416312624890588,1.0788672908092793
X60228,0.1423926140293018,0,0.11400487184284289,0,0.07638540190577073,0.22009299153898002,0,0,0.009161025232636963,0.07226456765295512,0.05020989157976745,0,0,0.010699835619116098,0,0,0.1616358050871386,0,0,0.14315299551149027,0,0,0.927,-0.0256,1.0954253653063988
X60214,0,0.018015913480539894,0,0,0,0.09831172858872159,0.013701133403201306,0.005006572237521439,0,0.08495266131840122,0,0,0.016736705637404235,0.21879789309264458,0,0.14940271055920318,0.006515329046659066,0.06166529586718305,0.17384088184920296,0.04635101558465848,0,0.10670215933465896,0.008,0.2703243857513961,0.9831761544097583
X60211,0,0.26400180075757074,0.02834791533193782,0,0.2797397744798089,0,0,0.08083520510557024,0.0300427357352773,0,0,0.05167018029167657,0,0,0,0,0,0.18316634154274725,0.013919473918978499,0.0682765728364327,0,0,0.806,-0.005,1.09624980927106
X60188,0.00892774615571345,0,0.22928835480687518,0.11671849734733196,0,0.1370171050974817,0.02787703109686613,0.04618216115180059,0,0.024743725426875314,0,0.02611032033824056,0,0.11701108584775427,0.05152380387542932,0.08993271995726153,0.03528762683417771,0,0.05914173119151232,0,0.028494938089026433,0.001743152783653605,0.001,0.41116128677768354,0.9110737815418063
X60181,0.011921979122114094,0,0,0,0,0,0,0,0.2667214918152828,0,0.3661691962506523,0.04010213836835582,0,0.02593585912109937,0,0,0,0.20886576482084732,0.08028357050164824,0,0,0,0.414,0.04389342033440676,1.1498393799496782
X60180,0.06057189873784811,0,0,0,0,0.32039194600758647,0,0,0.0418865062218255,0,0,0.043662909695231636,0.10545760313026643,0,0.00911858416935325,0.27753740375308833,0,0,0.08746401927013829,0,0.05390912901466201,0,0.956,-0.0331,1.0850211293870617
X60175,0.06336150564685386,0.10109819259089547,0,0,0.37642038593871,0,0,0.17667690185232354,0,0,0,0.03998827026799231,0,0.11922585823598374,0,0,0,0,0.12322888546724116,0,0,0,0.981,-0.0441,1.121178792063952
X60174,0,0.22643313998473835,0,0,0.28445291861604716,0,0,0,0.3019775888640605,0,0.1067791014695397,0,0.011600577462868519,0,0,0,0,0,0,0.06875667360274565,0,0,0.994,-0.0554,1.132217508105573
X60169,0.09219332002017681,0,0.12562513550335036,0.27036339297039486,0,0,0.0011397134699157297,0.0012712250686206805,0.1605014524353823,0.034014034541106866,0.05007656447863388,0,0,0,0.05250219774612211,0.08765574418232441,0.032908856647653924,0,0,0.08227222945361783,0.009476133482700244,0,0.193,0.09042060165391036,1.0539794520870074
X60163,0.028821157333484636,0,0.01094040099770838,0,0.19427952474122778,0,0,0.20277811481070335,0,0.01704614814377052,0.14200394484570308,0,0,0.12506803189469895,0,0.05549258795939058,0,0.03151005506934699,0,0.19206003420396575,0,0,0.999,-0.0733,1.1420730869102569
X60148,0.08440098820901766,0,0.14210672770330054,0,0.40813311180240064,0,0,0,0.0063274339525273855,0,0.2192060612400876,0,0,0.10229113392096492,0,0,0,0,0.0047603793989833155,0,0.0327741637727179,0,1.0,-0.0795,1.1480727170525509
X60135,0,0.029272240020742347,0,0,0.17250616103830874,0,0,0.0066674464607656275,0.015436780953828062,0,0.24699421135473654,0,0.04691035126746616,0,0,0,0.36937157124681275,0,0,0.11284123765733976,0,0,0.502,0.030837302335263984,1.0968734245274478
X60111,0,0.05813082069137631,0,0,0,0.25065822293125306,0,0,0.10328775175793332,0,0.08387477468140403,0.04457427400232337,0,0,0,0.269009081556236,0.06942189472978769,0,0.03835027244178429,0,0,0.08269290720790197,0.215,0.08222335415769873,1.0483858589148256
X60107,0.22361313111189549,0,0,0,0,0.04489153566773365,0,0,0.07308470645968383,0,0.17609693489626713,0,0.008653553548545972,0.04878324392893771,0,0,0.09855699052408236,0.09448372513341045,0,0.2318361787294434,0,0,0.104,0.12009764742501618,1.0580827308375693
X60102,0,0.18673975308238078,0,0,0,0,0,0.17969540678390716,0.17373217205657504,0.0839655281331563,0,0.02592526889360046,0,0,0,0,0,0.1296169119711871,0,0.14110590104577914,0.07921905803341404,0,1.0,-0.0879,1.1228158172807612
X60091,0.0013160801697953484,0,0.1057376483636706,0.061600611798703415,0,0.06264045156655162,0.08419254119066563,0.06082444854251821,0,0,0.10069339075039976,0.23649089233323228,0,0,0.03493445003802406,0.12931531776621813,0,0.007318205309052226,0.0898112086397464,0,0.0001,0.025015460433987453,0,0.5705735063571509,0.8204463269123518
X60090,0,0,0,0,0.23184841533180053,0,0.21459615236786614,0,0,0.010548204434041183,0.31590770331438944,0,0,0,0,0,0,0.047504481753520594,0,0.04959142653622956,0.13000361626215257,0,0.998,-0.0707,1.1778926671645815
X60067,0.046954578248633645,0.014081401815711185,0,0.3708279218244047,0,0,0,0,0.18872051982403795,0,0,0.05437316447609889,0,0.07565808189288539,0,0,0,0,0.2373804447554815,0,0,0.0120038871627467,0.327,0.058222907432277336,1.0876296233867957
X60066,0.040858379212846144,0.04610779274196668,0,0,0.5194567335753439,0,0,0.06321214910185916,0,0,0.029811213717384995,0,0.0070878472383169655,0.0003,0,0,0,0,0,0.22732475184766504,0.06588337901669566,0,0.978,-0.0403,1.152797911986326
X60065,0,0.3021947904454194,0,0,0.2952186200480026,0,0,0,0.20441400241180316,0.021228985146234645,0.07614041567544369,0,0.06773810330824905,0,0,0,0,0.001,0,0.03207937514019607,0,0,0.999,-0.0758,1.131438162091958
X60049,0.10027939188375613,0,0.1995212982986649,0.015355758758922214,0,0.062332965867330746,0.10680215120065097,0.04432432776823672,0,0.10350079844744912,0,0.054722835811927904,0,0.04162981949026936,0.03639905612783303,0.09564983975853729,0.0043149762671875974,0.033524341938142764,0.09574690537670008,0,0.005895533004391067,0,0.225,0.07979743859868121,1.0489607322247148
X60048,0.013770754753815432,0,0,0.4995676188431339,0,0,0.010471569305718615,0,0.02340988846903827,0.12354526500421886,0,0,0,0.005383366262759995,0.05505990356702159,0.11405334137358358,0.0792532222901492,0,0.026571724446983358,0,0.04887622901759017,0,0.441,0.04068631161245981,1.1142132667766025
X60024,0.2636651814787784,0,0,0.06872980506695943,0,0,0,0,0.21596560086672584,0,0.15709714933261035,0,0,0,0,0,0.07306904300119219,0.024919731104272463,0,0.164349190916497,0,0.03220429823296432,0.989,-0.0478,1.1234645655298177
X60020,0.19846524439436664,0,0.06769116875242735,0,0,0.05219639331911447,0.1119880602446423,0.23215821765678826,0,0,0,0.05151415921377058,0,0.09781146088590406,0.06834928834962076,0,0.051708039988457716,0.015989491968118268,0,0.04546590121595591,0.0001,0.006567147989331718,0.554,0.025229237718806828,1.0695419283053942
X60016,0,0.07789822367036772,0,0,0.10014168342709209,0,0,0,0.09949181290905336,0,0.23332097783541528,0,0,0,0,0,0,0.023079229139573543,0,0.41895808029012005,0.0035480469158574814,0.04356194581252044,0.951,-0.0318,1.2139556074842617
X582,0.04741366921332042,0,0.02862601443187586,0,0,0.2104216355706687,0.022997995719428073,0.123812817642315,0,0,0.01543281262399798,0,0.15259371957732665,0,0.08002740426667657,0.1073688385998451,0,0.013269488730794197,0.0033563385462228724,0,0.0690107361362081,0.12566852894132044,0.045,0.17208250831549607,1.0165024608724864
X580,0.05454697487865203,0.012896241859050181,0,0,0.050385228445247995,0.20276760191898857,0.008764915820777142,0,0,0.13892539936860326,0,0,0.18489422979750325,0,0,0.12974957524831046,0.12779779422969098,0,0.02468689257731953,0.025915681963909205,0.025357548823917202,0.013311915068030165,0.04,0.176125408766572,1.0099124186027073
X575,0.0485287068461047,0,0.09835817566302821,0.02138912043421159,0.10643431786790171,0,0.06884911146866148,0.07207355989485498,0,0.10853905957761033,0,0,0.10461745716725288,0,0.06333481829181804,0.12647322120639104,0,0.002631298683863787,0.055303106551646226,0,0.05097620386378209,0.0724918424828729,0.008,0.2628060279201247,0.9709053942307102
X574,0.015936536001657307,0,0.12094070110180717,0.2718765702727732,0,0,0.10395373918839758,0.027609182409479696,0,0.03382080930388215,0,0.05542539422231598,0.0031896478264255386,0.0021529504671968947,0.036753958946930336,0.1777878094378144,0.07924711141606913,0.032374735718880436,0.031332634832146676,0,0,0.0075982188542235455,0.008,0.2543546889802054,0.9792177223413011
X570,0.05455052479891468,0,0,0.05780108070906025,0.0630670901289189,0.11641149167475073,0.05818693385878434,0,0,0.010197473769326912,0,0,0.0516906486042204,0.2912631791360195,0.015911866833152627,0.18345204649657723,0,0,0.027840618573660606,0.06962704541661383,0,0,0.042,0.17457901409536242,1.0280127251012414
X563,0.053084827615821534,0,0.03422234949036444,0.22501655088456682,0,0.09148491967467379,0.06171607117439493,0,0.008406597239116883,0.0818699510970465,0,0,0,0,0.02986949604977823,0.12690639363820955,0.05182024261042879,0,0.11764136549698913,0,0.11796123502860945,0,0.476,0.03369850880504583,1.0637052419752644
X561,0,0,0,0,0.11833171252062932,0.10445113034473923,0.17891614193986363,0,0,0,0.09045160918371771,0,0.043870587148839485,0,0,0.09064040263395566,0.03794822060054867,0.07356171052371865,0,0.1659636036310567,0.048579902381697404,0.04728497909123351,0.144,0.10644244431716761,1.0442924298801595
X558,0,0.03406181632746695,0.004803057802827723,0,0.5122003454048859,0,0,0,0.19030947768433423,0,0,0.1074966279768193,0,0.1332121406548584,0,0,0,0,0.017916534148807527,0,0,0,0.999,-0.0722,1.165307967423504
X552,0,0.024457583077319593,0,0,0,0.07423883680738672,0.17954478013505398,0.1143771602711122,0,0.013367534087521707,0.052552659406871594,0,0.1440077918289312,0.004714282551565869,0.10066331256524055,0.05290713530266581,0,0.09435935041420732,0.0681260785818299,0,0.013330425866153343,0.06335306910414021,0.003,0.31029798018944205,0.9552195260170747
X550,0.010804702524310381,0.07340296996176272,0,0.007018447705870106,0.12941016067644917,0,0.3200617456987513,0,0,0.1275499553140841,0,0,0.009325169623052772,0,0.0547622715486163,0.11149516770271485,0,0.008666667879487956,0.12010278287519605,0,0,0.027399958489704314,0.008,0.2711351755375201,0.9696456769474416
X541,0,0.04916781129260579,0,0.0966475914526999,0.06275737872887813,0.09712386757438275,0.2080194107274225,0,0,0.001265959697299013,0,0.02115978763044233,0.1349097356253492,0,0.09406821602411226,0.05113664928856994,0,0.010381365779701791,0.1259922985378433,0,0,0.04736992764069323,0.008,0.264085641488668,0.972669407172905
X536,0.03254878338824009,0,0.24882735574729892,0,0.15785827134613095,0,0,0,0,0.025815542995732976,0.08106830631325626,0,0,0,0,0.1194206719716946,0,0.011889505821564523,0,0.14876826245194494,0.07295710806463798,0.10084619189949884,0.888,-0.0159,1.1052581049296122
X533,0,0,0,0.10958077056189465,0,0.28741612571996666,0.021453977058558563,0,0,0,0,0.09331915856273466,0.010104638896538495,0.016971385566556186,0,0.2618458698497252,0.04019074135457715,0,0.12109569955631046,0,0,0.038021632873138075,0.09,0.127678293690019,1.0358662027928993
X532,0.023600508749155653,0.0004,0.04733854890363519,0.10250726610057706,0,0.10459554888085965,0.211584720434133,0,0.022152534390933922,0.11614547974491939,0,0.005625006911335694,0,0.012899394305655558,0.07929800436286277,0.05825190632784294,0.10655021435831592,0,0.10903562671772032,0,0,0,0.05,0.16889252640746374,1.011419820456973
X525,0.0376732458376623,0,0.002202049467198254,0,0,0.17577857199520278,0,0,0,0,0.17796713844757361,0,0.07660581766562428,0.13947206844224783,0,0,0,0.09855934972109215,0,0.2815502726923083,0.010191485731090516,0,0.921,-0.0231,1.1460593308750011
X523,0.06073200994246748,0,0,0,0,0.15398551443091862,0.05111287515916896,0,0,0.10290310795390144,0.02372134019481999,0,0.010254616820405347,0,0.07373211028519291,0.3108977951878665,0,0.01739518377931673,0.08611477528222573,0,0.024385977041916744,0.08476469392179958,0.009,0.24963647584686172,0.9800956638775684
X516,0.0430440885693768,0,0.053280349609988426,0.02306781987535746,0.23220019681346565,0.06926111083304917,0.095720781269076,0,0,0.126484101838168,0,0.020257215616970668,0.07056023548673815,0,0.010912130679982415,0.08111319016785118,0.012080324553723945,0,0.11276670043576023,0,0.03964875917993501,0.009602995070556923,0.002,0.3948345227981327,0.9183480241702423
X512,0,0.04888106606054079,0,0,0.1107397716950458,0.09690126321587485,0.012149430826105857,0.09806463069234499,0,0,0.10251428351393412,0,0.027707532626072486,0.11424295105511742,0.02250276369430417,0.08744833806358548,0.20170528449587413,0,0,0.0759389835079189,0,0.001203700553280992,0.205,0.08489369644663836,1.0463062119961224
X511,0.08403779788890225,0.04826819337726446,0,0.00348426946709846,0.10207382963738341,0.08796830774193594,0.1014054432112217,0,0,0.06938142428545212,0,0,0.14624548323783665,0,0.06185882469812668,0.08448586446322959,0,0.009395194512652484,0.06755607792100436,0,0.09312613153342379,0.040713158024468045,0.001,0.4156623204912132,0.9094363555125391
X51171,0.4031954141028553,0,0.08711153097875618,0.03686680775813555,0,0,0,0.13578876444706914,0.008758617005956733,0,0,0.041083213963960204,0.07136606312088874,0.10877538247465043,0,0,0,0,0,0.10705420614772768,0,0,1.0,-0.0767,1.137901898109223
X51125,0.04275239086609043,0.0429154187200516,0.005773197719931624,0.10737015582326496,0,0.03825722322281143,0.07976715681573181,0.028196767982336,0,0.059553361665602524,0.007964373744315877,0.028260775553173488,0,0,0.07656277220002033,0.25762360965313513,0,0.024084645181295515,0.10640841685084175,0,0.04268359458718224,0.051826139414215294,0.086,0.13128238842387757,1.0235639861487407
X51104,0,0.02422847356700233,0,0,0.24650861704028965,0,0,0,0.16890638242329375,0,0.02292144906856217,0.05607181388417335,0.19058521306344595,0.13066420091122138,0,0,0.10994777196561165,0,0,0,0.04541365255389526,0.004752425522504533,0.559,0.024294059227383303,1.0729259783573992
X510,0.04549209160176502,0,0,0,0,0.4462538447705272,0,0.07602755560591384,0,0,0,0,0.23482761301966165,0,0,0,0,0,0,0.15982598879939489,0.03757290620273742,0,0.996,-0.0613,1.128134136752966
X51093,0,0.19399658042379347,0.013612644464466426,0,0,0.12161251218712155,0,0.152975710685562,0,0.07224587764074936,0.1651010638299818,0,0,0,0,0.018419676944077926,0,0.011472713330115144,0.11922052824333011,0.08630667922112023,0.045036013029681965,0,0.275,0.06746300742373774,1.0745000977810362
X51086,0,0.044083245635737754,0,0.234037832757023,0,0,0.07311453063516149,0.03970027548121275,0,0.08134796157262503,0,0,0.035675381970610424,0.1319284332198487,0.01825202339954954,0.2135787178373751,0,0.006303793405481591,0,0.12197780408537466,0,0,0.045,0.17065073026470418,1.0227867672472288
X51083,0.011488090218395471,0,0,0.2522165918226025,0.04714061259179469,0,0.01694722484042679,0,0,0.2733600617713167,0,0.07413270772213042,0,0,0.07109063794529044,0,0.0917571075508538,0,0.16186696553718907,0,0,0,0.858,-0.0124,1.1603641433379006
X51080,0.03896939856001459,0,0.17095709123119784,0.004871084827353339,0.10063780809500994,0,0.3097953861201463,0.0005,0,0.062004242534193024,0.04421790724882351,0.017721161537749466,0.005233498661347367,0.05209827511090773,0.0313556748120552,0.09175971372277672,0,0.015244030926201831,0.05460810799870287,0,0,0,0.019,0.20943830780934913,0.9964571615690371
X51062,0.1131730503801656,0,0.020571067200662794,0,0,0.38835026663366506,0,0,0.16113051887737279,0,0.07324878949542309,0,0.007933102557971222,0,0,0,0,0.05164785195027459,0,0.13368918361731802,0.017253586877348067,0.03300258240979877,0.922,-0.0237,1.1087928016198365
X51053,0.10624888880590071,0,0.05409155058308138,0.2268651982356747,0,0,0.09085030566565837,0.05859783603891867,0,0,0,0.12522681661795723,0,0.07606419709107803,0.009318060173822442,0.11439261996838353,0.08124807101409891,0.020338693290207592,0,0,0.018440036324640145,0.018317726190578327,0.685,0.00989529907157116,1.0844837473006794
X51016,0.03778165932193947,0.15624544302022925,0.033716568855451545,0.29943296485658144,0,0,0.006053045388162701,0,0.03222206284671745,0.20056660195380904,0,0.02355482578529453,0,0,0,0.09008138609725809,0.025988489459605957,0,0.07707618274378392,0,0,0.017280769671166686,0.249,0.07321979482930527,1.0808448863795759
X51005,0,0.11250796024144075,0,0.00794180920849419,0.05948127379071566,0.07090902436488786,0.12317953746880916,0,0,0.09050474237434836,0,0.03818610313497106,0.04398477159171796,0.037921021693629695,0.08785547870941701,0.023041801837847882,0.1857809338968882,0.014410630851591354,0.05945460225169928,0,0.04484030858354169,0,0.045,0.1708675071916134,1.0064638969982291
X507,0.01657619922257001,0,0,0.014053446228874963,0,0.15162924183633647,0.09373693235253,0,0,0.04845572660831092,0,0.03220571082973312,0.00327839423547733,0.1664966799091818,0.022001351093759204,0.19987695694860896,0.040763451040041476,0.06605284711807201,0.10455969327241908,0,0,0.04031336930408474,0.141,0.10773323931770837,1.0389855724793835
X502,0,0.1494206980983123,0,0,0.3200897170377659,0,0,0,0,0.12442334844954414,0.140052107826913,0,0,0,0,0.15225634112838568,0,0.06605492412436234,0.04599637308005725,0.0017064902546594354,0,0,0.999,-0.0752,1.1278780264397583
X500,0.061758568663603755,0,0.010718294019335535,0.17815762051499967,0,0.09095019033513276,0.29558286252646543,0.010066312360321275,0,0,0,0.10023109312097091,0.03914399126363319,0.036680707965665076,0,0,0.011427398750397642,0.019066030650883893,0.1300705980894317,0,0.01614633173915919,0,0.013,0.23376499769793607,0.996550205687326
X49,0,0.38295852637863126,0,0,0,0,0,0.10956181716961792,0.23536657434109562,0,0.13759256447468596,0,0,0,0,0,0,0,0,0.13452051763596926,0,0,1.0,-0.1732,1.1757732151817721
X498,0.13483773371355304,0.01702000423616285,0,0.10633704383491639,0.120031534362774,0,0.07334047578242345,0.0009,0.024819353481072427,0.29278677449199636,0,0,0,0,0.033332935488323764,0.10404342100230889,0.03445203277607637,0,0.04769227352630275,0,0.007362054419651095,0.0030692244644445706,0.002,0.3539246368020798,0.9427319933333314
X496,0,0.09408966291925487,0.0639182918908742,0,0.43363045877362616,0,0,0,0.19085023936247214,0,0.11181281659108695,0,0.0034136552886671417,0,0,0,0,0,0,0.05510139344696854,0.04718348172705001,0,0.981,-0.0424,1.132067102770686
X493,0.009757739400482145,0.001220990412197337,0.14684616566589442,0.24133055315161692,0,0.006015063542501568,0.05834220989884962,0.08090291439859189,0,0.11391662905011918,0,0.028680766696165778,0,0.0885294228210126,0.02929197524761879,0.14050101659966327,0.012493096898479534,0,0.024621012012139967,0,0.014919360414759204,0.0026310837899076968,0.003,0.340708652705651,0.9447240329972849
X490,0.05410388305752638,0.09873628153119131,0.0733669803895465,0.029949362953933363,0.1931973857252294,0.01296181792819999,0.14482962679744454,0,0,0.04186883826207531,0.011438958951479707,0,0.08746643308675241,0.020358882783991627,0,0.0567974853011102,0.02956402984356387,0.02197626650444938,0.06172053282302073,0.00309946601873503,0,0.05856376804175017,0.002,0.3504069778097875,0.9364119477023755
X488,0.033252471017026115,0,0.08353340336708621,0,0.14262188485779875,0.11208722770829381,0,0,0.17723248710754116,0,0.2849874818679172,0,0.0390521926262908,0.03196883393865375,0,0,0.06538002580588159,0,0.029883991703510547,0,0,0,0.813,-0.0061,1.1205724814075402
X487,0.03318367865192346,0,0,0,0,0.21309435312767241,0.0021144418010656638,0,0.11008699952476106,0,0,0.02154741610786307,0,0,0,0.19151358154422746,0.0706745477647274,0,0.3152874005449945,0,0,0.042497580932765025,0.198,0.08790220575785501,1.0531131878539803
X485,0,0,0.001582730644425486,0.25487074592182274,0,0,0.05216275973320394,0.040882293821381505,0,0.2454491432400894,0,0.047274143769013253,0,0.0014489898880127516,0.03740233088723066,0.1884748236585914,0.0077974968732588265,0,0.10314275424083016,0,0.00448430688676328,0.015027480435376567,0,0.5405476651324708,0.8406385416568374
X484,0,0.024573693001924645,0.055161282647522486,0,0.08680889999795206,0,0,0.15038680502411322,0.19270012661947292,0.005106593917893287,0,0.049807820526030874,0.007727049523667787,0.12900908684338325,0,0,0,0.1932651165169288,0,0.06749890826958713,0,0.03795461711152355,0.959,-0.0344,1.102173167209948
X479,0,0.01747229964918823,0,0.14125216322253079,0,0.1405720256521191,0.06402266933526547,0.02474572106128744,0,0.06217147834865237,0.013961551505615729,0.017427886801831147,0.009689090138027576,0.07710837281132361,0.10746262776935397,0.156659001688771,0.01932625448443381,0,0.07867046512389068,0,0.05267787782940176,0.016780514578307242,0,0.4415040661918817,0.8965365445584553
X474,0,0.15570643585196597,0,0.20565986140589293,0,0,0.10108035403783383,0.11459442440082329,0.067386294593463,0.1483776747434616,0,0.022555844981290037,0,0.03372336710601977,0.08053887433004195,0,0,0.07037686854920763,0,0,0,0,0.065,0.15272008091254913,1.0448758574665087
X469,0.12738883435275714,0,0,0,0.3644975203229581,0,0,0.0697947065422845,0.11721543754220104,0,0,0.15182861006726198,0,0.16927489117253725,0,0,0,0,0,0,0,0,0.999,-0.0713,1.1514372665386978
X459,0,0.2631986144459157,0,0.04896424002732209,0.14355415227147977,0,0,0.006500075526241131,0.1582405560208166,0,0,0.14518533024026578,0,0.13081401758350963,0.007452693757059557,0,0,0,0.09609032012738976,0,0,0,1.0,-0.0903,1.124779869257031
X457,0,0.020047549642638184,0.0016332984800485194,0.3527318283132624,0,0,0.21355467660949667,0.013247057698652332,0,0.09985022717459983,0,0.0005,0.014285716376712812,0,0.08376156735401734,0.14044028229342215,0,0.01219979605495074,0.007474166002660101,0,0.00790959289210987,0.032329266353184186,0.002,0.3868582534916463,0.9265531025214558
X450,0,0.06597715303678402,0,0.22913387575884542,0,0,0.16184699758116305,0,0,0.26320475785898295,0,0,0.17958450211562893,0.038525366864412436,0.028032752737716174,0,0,0.01103170862677365,0.01122294584375622,0.0006,0.010832028047303124,0,0,0.5246410052641821,0.8505847770447356
X445,0.05393312754176341,0.02558287746254297,0,0.018014462039548335,0.05006879900960269,0,0.11160246708048632,0.12115156932041919,0,0.14051229439653104,0,0.033996507118218694,0.09391916025485848,0,0.027891362422316834,0.1336236027056813,0,0.0033942361798430477,0.07498471606334585,0,0.042131312551264295,0.06919350585357746,0,0.42764465486800124,0.9035404629926371
X44428,0,0.26157831820004673,0,0,0.34294605519174337,0,0,0,0,0,0.06453809732966571,0.06766941150728442,0,0.13528971099380743,0,0,0,0,0.1279784067774522,0,0,0,1.0,-0.1338,1.1419858188890215
X44417,0.14492315560942945,0,0,0,0.03405887844544432,0.17730951842705503,0,0,0,0,0.1374390958229013,0,0.03834190291012551,0,0,0.20547765111612276,0.0717824587436671,0,0,0,0.16976767473158344,0.02089966419367109,0.256,0.07248769596200987,1.051837730418502
X44377,0,0.5796402361419879,0,0,0,0,0,0.2855346133656668,0,0,0,0.13482515049234528,0,0,0,0,0,0,0,0,0,0,1.0,-0.1078,1.1850416216720494
X44366,0,0,0,0.20773551719416272,0,0,0,0,0.027979800437686782,0.08289112279161867,0,0.08005215237969762,0.006623775983980404,0,0,0.25651011819785796,0.0529051839720985,0,0.28530232904289726,0,0,0,0,0.4843110619082199,0.8742013990008316
X44349,0,0.056342747070783,0,0.13429790775479,0,0.2614664914703363,0,0,0,0.0779113347214915,0,0.006849619187415887,0,0.11025215361694496,0.014623225309744815,0.2053742055528832,0.026060660828431354,0,0,0.08676053265377774,0.02006112183340122,0,0.45,0.038343589650259316,1.0775870367145042
X44341,0,0.01160307779531688,0.0014172594148557725,0.07557130316124362,0,0.09584737359664336,0.20376395598688418,0,0,0.12039014244588313,0.011272039415773254,0,0,0.07402954017592402,0.10076146284004146,0.12074437771812613,0,0.04745099777305086,0.10385427459521501,0,0.009361164396430338,0.023933030684611917,0.003,0.322591272498277,0.9511158339121372
X44306,0,0.1418570954021247,0,0,0.23220453818905384,0,0,0,0.3027281496101647,0,0.10449492135373739,0,0,0.13296392857182593,0,0,0,0.050366463832939926,0.03538490304015351,0,0,0,0.977,-0.0399,1.108314752897856
X44303,0,0.1778968696869718,0,0.1524725551700965,0,0,0.013801033365192953,0.11869450939589565,0,0.014809791359807763,0,0.09026036826975652,0,0.0672795395681021,0.06972684266813442,0.2022974328381323,0.008738694233917188,0.009461266006950467,0.041418336836854364,0,0.005044872128366033,0.028097888471821982,0.026,0.19937579364684588,1.000814713935607
X44288,0,0.07284986037636013,0.005684756510827015,0.01174079453515635,0.18982422304797375,0.1606669402636131,0.037523960785123475,0,0,0.21689345230099674,0,0,0.003929288291127958,0,0.003861047349285404,0.15109369796650682,0,0.03623157061363744,0.10970040795939175,0,0,0,0.003,0.3015524367537981,0.9633369442038903
X44286,0,0.3055955688941799,0,0,0.07631139419543177,0,0,0,0.31727946109432553,0,0.013432932147186393,0,0,0,0,0,0,0,0,0.2873806436688764,0,0,1.0,-0.0816,1.155886932592072
X44285,0.0051972803024803406,0.0579672677384922,0,0.13821465609878753,0,0.02327461689734209,0.11415636095160163,0,0,0.07246877636065945,0,0.05265822066619632,0.008430486537115905,0,0.11556200139941694,0.26336018143230805,0,0.009350450125510591,0.11389977447483512,0,0,0.025459927015253816,0.002,0.39611400819262843,0.9178858364940202
X44242,0,0.06336306744064717,0,0,0.1224625104804561,0.15483328390708292,0,0,0.46177537375770955,0,0,0,0,0,0,0,0.06702932763696143,0,0,0.10943220194582406,0.021104234831318743,0,0.998,-0.0645,1.137063107869548
X44234,0,0.013207110849226116,0.020786420904031263,0.070549908224075,0.0674922758354059,0,0,0.03500499111192699,0,0.019312572922599785,0,0.021958020260528538,0.10990687769601389,0.08668376873937514,0.06782495352237464,0.12095658830351895,0.16326755365737466,0.015821568686164012,0.015395735237959843,0.06988925181443267,0.0945137778004564,0.007428624434536226,0.003,0.3213248692804728,0.9502197436188325
X44219,0.05593214498307398,0,0,0,0.11873954224688862,0,0,0,0.04418024179849891,0,0.13101429793269057,0,0.23512034583532215,0.21931763018151462,0,0,0.060895441039211504,0,0,0.13480035598279974,0,0,1.0,-0.106,1.143412635017231
X44196,0,0.24552664021960663,0,0,0.3351436789310227,0,0,0,0.17078458901988036,0,0,0.16070552153529577,0,0.018504838979031244,0,0,0,0,0.06933473131516342,0,0,0,1.0,-0.1259,1.1661370225873329
X44192,0.07969433940159729,0.026355672778524505,0,0,0.2818246736393954,0,0,0.23425436084787044,0,0,0.1169611822183203,0.11287037788270093,0,0.07236633057996503,0,0,0,0,0.07567306265162618,0,0,0,1.0,-0.1462,1.1924456810383588
X44189,0,0.04644310084371614,0.2871309103371508,0.13419863827934153,0,0,0.10178357625962785,0.07705460696637491,0,0.01486696122709751,0,0.017244665651586905,0,0,0.057365719829839686,0.10991420477945943,0,0.027659468870174148,0.11798500340062737,0,0,0.008353143555003682,0.003,0.3202717520273652,0.9549915689274695
X44186,0.0847313518886555,0,0.039533256275048084,0.20611100952946138,0,0.11711866214095078,0,0,0,0.043663433693059785,0,0.09144257978642717,0.055165864620445336,0,0,0.09384528573343996,0,0.03169585644548676,0,0.1591953289599909,0.07408965305769696,0.003407717869337331,0.063,0.15436714901996654,1.03739731779649
X44163,0,0.07286817460272474,0.0044436781181722545,0,0.012818150272298113,0.10648960559005233,0.13994121660157588,0.02728737633728552,0,0,0.10355511604280673,0.03089491231365987,0.04300139193975806,0.03845523735449594,0,0.09157721518186503,0,0.16780035980725266,0.12349400270475057,0,0,0.03737356313330228,0.003,0.31675958973307533,0.9507114057509833
X44110,0,0.009867827876756212,0,0.2711076085746384,0,0,0.24217505896720926,0,0.01896236752254271,0,0,0.10205825419263817,0.08568741904864832,0.07751521899947739,0.050016526094659376,0.05395336012227264,0.01768901423759186,0.018647957481843447,0,0.02947115788948462,0.019706280152823,0.0031419488394145217,0.002,0.3845041123719057,0.9263858338534506
X44102,0.22667640616052387,0,0.08812112097483311,0.00377130408790123,0.06018991142727592,0,0,0,0.2903889348521541,0,0.08805500130267178,0,0,0.1638387467840453,0,0,0,0,0,0.07895857441059467,0,0,1.0,-0.0828,1.1205413727395424
X440,0.013628198482767749,0,0.005423634727337284,0.13125037911063586,0,0.03463479352091576,0.026080507269126536,0.03343926596030239,0,0.3488194566633901,0,0.019610696424412107,0,0,0.02869426010841946,0.09205482443783529,0.15035473318080425,0,0,0.035940295930609864,0.02699780908582168,0.053071145097621585,0.002,0.3821828066226467,0.9344927625512337
X44090,0.01347691297420148,0.025962017013462343,0.31488692875023144,0.047585463123989806,0,0.029551371182129207,0.2087185944088813,0.033478897001883307,0,0.11374970281203177,0,0,0.002536483680210946,0.03539749316823175,0.03182715187230333,0.09196420341091922,0,0.008567842405952807,0,0.008419695905585861,0.023571020241142313,0.010306222048843142,0.003,0.3231593614844751,0.9574712027980051
X44087,0.03229881355377398,0,0,0,0,0.17536637611668804,0.01481345569845363,0.03471209716949453,0,0,0.032231468378537485,0.021761960235227477,0.3474146655388928,0.08865379048726334,0,0.06527640688349091,0,0.02868108457180129,0,0.12484788632752286,0.03394199503885368,0,0.167,0.09940452082762907,1.0548139657031743
X44080,0.03370878447627249,0,0,0.04629449289884434,0,0,0.03255033383725888,0.08520418150988505,0.2142241419821335,0,0,0.08922716603384678,0.03194642585633709,0,0.012110419929269315,0.31340402096343156,0.007111217509228603,0,0.05871246261431814,0,0.01980108450051949,0.055705267888654826,0.108,0.11881823242599641,1.0325825614477686
X44078,0,0.12638335136815784,0,0,0,0,0,0.0350125542191538,0.11302268532651615,0,0,0.06364410440227326,0,0,0.054779880852632114,0.38119475614955306,0,0.07613227659236858,0.09458813685958052,0,0,0.05524225422976466,0.184,0.09232538023600362,1.0437134632741616
X434,0,0.15529152818348987,0,0,0.3610279358045094,0,0,0,0.22924261620434722,0,0,0.10535887343618391,0,0.14907904637146963,0,0,0,0,0,0,0,0,0.998,-0.065,1.137404134632322
X428,0,0.08474721093483956,0,0,0,0.2406544469641795,0,0.05837849124059152,0.024312415962622548,0,0.0216771819609218,0.1225091148725078,0,0.025143139623992113,0,0,0,0,0,0.29507277176670255,0.1275052266736426,0,0.465,0.03555342077082077,1.133740761595016
X427,0,0.2021726908281991,0.2327839755411978,0,0,0.1498796728842746,0,0,0.23020895663669375,0.0061912245660193975,0,0.0005,0,0,0.11891296466315486,0,0.0071248269434263664,0,0.052198441133414146,0,0,0,0.476,0.033648711083129446,1.0933230997228218
X424,0.12241193533745749,0.19440678728761834,0,0.0364254428967636,0,0.2582800371874569,0,0.0020208077251408782,0.03450323084538669,0.045770595924735785,0,0.13021204154230773,0,0,0.0229920354096457,0.005197422353400652,0,0.05172015823499103,0.01600001512050617,0,0.04655122735563995,0.033508262778949055,0.028,0.19550012671666214,1.0181139359125637
X41358,0,0.07514259606974724,0,0,0,0.014765022947840767,0.05211710198594769,0.021967192814352852,0.007748951981971386,0.11426366522421329,0.05710170871764214,0,0.06733557341288453,0.06337753667365305,0.07080289894939752,0.24055213539795156,0.04872221220408568,0.04718462128167483,0,0.08780383185807175,0.031114950480565777,0,0.036,0.17971027231521136,1.013407050231537
X41325,0.12316774368786658,0,0,0,0.21713253493749765,0,0.0363649125250503,0,0,0.05665627247398453,0.2536343594890469,0,0,0.13559155082132315,0,0,0,0,0,0.1774526260652308,0,0,1.0,-0.1233,1.191890775668473
X41324,0.07641005166139855,0.1275940320913342,0,0.01825849854247605,0.04730940997654761,0.1579536997455687,0.08327255761677789,0,0,0.10074574811869856,0,0,0,0,0.0519047150822424,0.22834220433295987,0.03126823174202045,0,0.06336702713394594,0,0.011808294850108347,0.0017655291059214607,0.002,0.36985333974604945,0.9284691904904311
X41310,0.06464266237959757,0,0,0,0.11781234725664269,0.021202220005914502,0.08865105189384455,0.03548727394417797,0,0.2769047280055346,0,0,0,0,0.06793550203344036,0.1979914239268771,0.03754029523705931,0,0.05197732672377356,0,0.03037403901989413,0.00948112957324367,0.003,0.33680308186767755,0.9456790256898353
X41307,0,0.07614510176653927,0.0018910535814953761,0.30214814983802996,0,0,0.22837173972506175,0,0,0.061337771240955824,0,0,0.07201195520736217,0.05144260711439852,0.03581322340553574,0.11139328554913744,0.018507063159565258,0,0.04093804941191864,0,0,0,0,0.5446077428582026,0.8480466593672654
X41300,0.02582416483228043,0,0.01118320698976565,0.017032094779882916,0,0.0577994717735294,0,0.06250565516346963,0,0.0758894598817976,0,0.033723223570682075,0.2442770519691957,0,0.06306175316236885,0.21192919830642032,0,0.051270251911884925,0.0993053470957354,0,0.04619912056298709,0,0,0.4762067391643071,0.8807564906580827
X41285,0,0.10108083929530078,0,0.07859927457890506,0.004640059255657109,0,0.05941731745784037,0.08280520966040042,0.09761888935518237,0,0,0.2161911709158568,0,0.158945564723773,0,0,0,0.11457089641756028,0,0.012936320681851915,0.07319445765767194,0,0.47,0.03453168118556979,1.1013923571949535
X41266,0,0.1274034947711505,0,0,0.42106030925807486,0,0,0,0.29698399483163507,0.01834430654448268,0,0.06309837273061798,0,0,0,0,0.07310952186403896,0,0,0,0,0,1.0,-0.0854,1.1630151601598728
X41264,0,0.1761287342048591,0.0012920287933224843,0.1635074996095638,0.02068607889095574,0,0.0530928618260148,0,0.011076491950291242,0.11044019881393079,0,0.007873883173677767,0,0.17316848495436282,0.04650754201338428,0.1349901514866841,0.06267007070174252,0.010524726341791746,0.028041247239418858,0,0,0,0.024,0.204423025977018,1.0002179340361335
X41203,0,0.15642616147132712,0,0.03671796102048689,0.2945670138353587,0,0,0.3010208313548896,0,0,0,0.09655259895473141,0,0.08879777828078377,0,0,0,0,0,0.025917655082422462,0,0,1.0,-0.1017,1.16852909237317
X41192,0.025208004365029523,0,0.013983350701009506,0.021857901594746418,0,0.20401503830826345,0,0,0,0,0.03295757697054474,0,0.034275383138098414,0.20706581309313887,0.007612487770585258,0.21362885740667822,0.0030331245602868073,0,0.13806467851967588,0,0.03627285486247005,0.06202492870947283,0.014,0.22636529253335363,0.9960474873198903
X41170,0.04856207843424085,0,0.017329714933411886,0.07267921950584555,0,0.20618178394241332,0,0,0.13319392635963379,0,0,0.015836756774979446,0,0.13631458456115228,0,0.030304884278025974,0,0.10562317699001388,0.15973072116215767,0,0.02490662464394114,0.04933652841418424,0.244,0.07427634253248665,1.0477892680379353
X41165,0,0.05506428965020322,0,0,0,0.17190220105598505,0,0,0.06792257377657386,0,0.12210927476291665,0,0.010162382882945324,0,0.00167120509942065,0.31439939687009044,0.029210893533602265,0,0.15325068804775485,0.005904402090164439,0.026612627617536685,0.04179006461280648,0.167,0.09929369637946796,1.0380764848415343
X41079,0,0.2132300644780648,0,0,0.3335731309583536,0,0,0,0.2847123893563487,0,0.06426398080029347,0,0,0,0,0,0,0,0,0.10422043440693932,0,0,1.0,-0.1477,1.1726777984184165
X41064,0,0.1203946634886179,0,0.08121917687609573,0,0,0.05937205548698097,0,0.22978955914407326,0,0,0.05858169396386398,0,0,0,0.04452971386989667,0,0.3200982760417096,0.04862648984474713,0,0,0.037388371284014704,0.3,0.062101583344364664,1.0774731561699835
X41023,0,0,0.1942682094300069,0.2672564161098048,0,0,0.1685930036808741,0.13399784133210657,0,0.08620246925603392,0,0.006417888174901913,0.04963239769965292,0.06526951140145594,0.018399941641652012,0,0,0.009962321273510988,0,0,0,0,0.16,0.10208630283678885,1.0613287395534745
X41010,0,0.10730865218512876,0.07153237914898725,0.15818989844702072,0,0,0.15169903340458174,0,0.041623781675885485,0.1727786004084622,0,0,0,0,0.037383742182209835,0.06334326247242644,0.13215765725372164,0,0.025757269812173494,0.038225723009402475,0,0,0.138,0.1094526212990139,1.037611586143154
X387,0,0.10031672229977218,0,0,0.3794551144066928,0,0,0.21019139328778305,0,0.15548782032836167,0,0.002247979860920782,0,0.0574415865104197,0,0,0,0,0,0.09485938330604987,0,0,0.996,-0.0603,1.1543352114932164
X386,0.0057919653060133644,0.0950767723650989,0.02059157003786624,0.08973405367929034,0,0,0.18424104523824258,0.08766200302680931,0,0.05509172673257963,0.024857925560892995,0,0,0.0054856842474361725,0,0.069118636414503,0,0.20352848188670106,0.02235279869381405,0,0.09678767095203383,0.03967966585871853,0.111,0.1178460334258257,1.031337326089231
X381,0,0.2945724649761507,0,0,0.0314160967079035,0,0.032884456987955175,0.14496599560278428,0,0,0.225416697705965,0,0.05725655525974201,0,0,0.026458629755449107,0,0.18620052031370074,0,0.0008,0,0,0.184,0.09290391417070964,1.0593628962284323
X379,0,0.32460302853642786,0,0,0.24788984164252606,0,0,0,0.10752179399091234,0.08447205949764877,0.052246447737074875,0,0,0,0,0.002150328525150697,0,0.17568701452292065,0,0.005429485547338744,0,0,0.906,-0.0201,1.1089568103907905
X374,0,0.20327064963340927,0,0.31612554236479085,0.10517949548365585,0,0.04151341071525568,0,0,0.1486534967824611,0,0,0.014588169792154024,0,0.008179340090819819,0.09466738999939651,0.027685012053084067,0,0.016935483979368393,0.01968563640587967,0.0035163726997247675,0,0,0.4570260319980215,0.8891781913903274
X351,0,0.04997073054404508,0,0,0,0.10735468579109603,0.03980325775233711,0.06926814167081316,0,0.038018872402172034,0,0.11672197485063608,0.17934350852042466,0,0.031113398632472797,0.07801267932262447,0,0.14983069463988757,0.06021446067787831,0,0,0.0803475951956127,0.248,0.07347454913881195,1.0597822412200786
X3498,0.035387599151159965,0,0,0.06033355485919331,0,0.13798643376415362,0.13556881474728974,0,0.08436810741841039,0,0.18785003519190555,0,0.019757777382461802,0.008318564626515602,0,0.03515944151532393,0.04774051831009073,0.1122389853706335,0,0.09411166390687609,0.02689809132400796,0.014280412431977784,0.467,0.03506505178447702,1.0842027301508657
X34801,0.24058107056583714,0,0.214133747538928,0.06253524920717236,0,0.01759354498363627,0,0,0.05674851068649007,0.09275049442807055,0,0.10866359486401332,0,0,0,0.021635657298437017,0,0,0.1785395675248406,0,0,0.0068185629025746385,0.214,0.0825278897276621,1.0784941332287892
X34207,0.016744130805830336,0,0,0,0.10418530650476417,0,0,0,0.003306084436340859,0,0.11175112871167353,0,0.3340107335412382,0.029225249180154216,0,0,0.33847844305694985,0,0,0.05989005238966083,0.00240887137338805,0,0.008,0.25545230961443344,0.9907276725232318
X34202,0.033568944229605144,0,0.01690273195264321,0.07553367134301923,0.003740967290107989,0.019357182646158187,0,0,0.09483890316050135,0,0,0.05338501169976827,0,0.1612617045930545,0.0782918294245259,0.10114210820029379,0.029927565285147364,0,0.321252929730708,0,0,0.010796450444467056,0.002,0.353431804097515,0.9404870397620696
X34186,0,0.059456265705981046,0.1578076461951353,0,0,0,0,0.15598810021962362,0,0,0.06729952410250827,0,0,0.2517238950531047,0.08590835730602332,0,0.12812875257684772,0,0,0.0936874588407761,0,0,0.137,0.11121185681484383,1.049612785983362
X34172,0,0.003023459839789935,0.011223435762298636,0.13076790600810403,0.03453163368629243,0,0.13681731537762762,0,0.05237999388072688,0.05541157645837919,0.028152049094180804,0,0,0.19676473513639045,0.03652941081871819,0.14277974338805466,0.048513824056883495,0,0,0.060653662898773004,0.03487541889134534,0.027575834702435208,0.288,0.06422782159688549,1.0621546860538598
X34168,0,0.0384432864090583,0.16617938312164346,0.4510394836754185,0,0,0.1165796938846534,0,0,0,0,0.09066178023077325,0,0,0.020014070711340853,0.029465855389427534,0.007286826979288846,0,0.04058810855600831,0,0.020420824944970013,0.019320686097417484,0.006,0.28341575647409645,0.9863682788480048
X34165,0.08282446615421767,0,0,0,0,0.11903294736453406,0.16175394607152838,0.19650823221037103,0,0.0676819303719563,0.027105021809294336,0,0.005578896525033183,0.04367874732229318,0.05686465745436898,0,0,0.05331323955936166,0,0.09530001428938195,0.09035790086765927,0,0.014,0.22162687687021082,0.996053004466123
X34125,0,0.17814860484856732,0,0,0.2780122237143911,0,0,0,0.2530970144416174,0,0,0.1529180927572814,0,0.13782406423814278,0,0,0,0,0,0,0,0,1.0,-0.1298,1.1646441840140793
X34117,0,0.1002529437063133,0,0,0.07298047701583728,0.1088629748582852,0.05640986121904625,0,0,0.06844046572715887,0,0,0.1201312171930179,0.027962216654265522,0.0507322343880996,0.24245360849398792,0.06846257741027267,0.01931311948317722,0.05859484681884842,0,0.0054034570316899445,0,0.012,0.24144872172537615,0.9785169730282745
X34113,0.09183284059669704,0,0,0,0.1515993590122772,0,0,0,0.4149178987574417,0,0,0.11248391177644311,0.1355943602240187,0.09357162963312224,0,0,0,0,0,0,0,0,1.0,-0.1604,1.167300414097573
X34111,0,0.15053142914488477,0.030120185666392095,0.09698637201460039,0,0.012229126319023854,0,0,0.18461694492671787,0,0,0.17915939024760316,0,0,0,0.01822514542515593,0,0.0798952066733739,0,0.1615722313147644,0.014425411799005647,0.0722385564684781,0.991,-0.0506,1.1407166827510724
X34103,0.18990643016944697,0,0,0,0.30374115369770965,0,0,0,0.20634384208481632,0,0,0.2276049339238547,0,0,0,0,0,0,0,0,0.07240364012417234,0,1.0,-0.1435,1.208295664714989
X34102,0,0.18247749846326808,0,0,0,0.147264673625752,0,0,0.18711312189640208,0,0.08185917929081922,0,0.02860544085947731,0,0.03165091509259194,0.19181481295978714,0.10191062251809195,0,0.03387264049018669,0.0004,0.005464636315790511,0.007517130367941061,0.729,0.004401295688310509,1.062906792258865
X34090,0,0,0,0.052587945770395564,0.3750393310799357,0,0,0,0.189178050311783,0,0,0.1211838936994312,0,0.09710626099980663,0,0,0.11656410532362306,0,0.04834041281502496,0,0,0,0.996,-0.0597,1.1365418240035674
X34086,0.1889996217453349,0,0.016017908610680337,0,0,0.2591399762656398,0,0,0,0,0,0.07357819060678701,0,0,0,0.12961000772953232,0,0.05676102125934632,0.05642150656090929,0,0,0.21947176722177006,0.906,-0.0206,1.1025708486674253
X34085,0.11894166461677896,0.07257392513471753,0,0.12385279617373975,0,0.07540889288314094,0,0.10639808369356284,0.21597794562807665,0.02649362014336957,0.04093659881653234,0,0,0,0.0330289464204619,0,0,0.05200316460171687,0.008917634949490516,0.10155258529893273,0.0006,0.023315914726306935,0.384,0.04916507183074821,1.076052285188751
X34080,0,0.027808546260412764,0.024891618876532223,0.09292147660666193,0.17036675401827958,0,0.01072383072280773,0.004149310258013035,0,0.23580828383511926,0,0.10019532591536953,0,0,0.05847400400578225,0.12127444103665255,0.017466717065041222,0,0.06923872636732413,0,0.04268913682296636,0.023991828209037495,0.008,0.2541776013231889,0.9982367205908145
X34078,0.018721054922333388,0,0.004348452270799645,0.19970036181134285,0,0,0.14183019057234794,0,0.00212875886624619,0.0008,0.009073317509087964,0.004221692267336443,0.04063412265465629,0,0.09311043429707998,0.2869949408394379,0,0.048034501408062244,0.10510722563803702,0,0.010489028142333792,0.0348269227683853,0.012,0.23603908557883235,0.9852746587135659
X34066,0.0486015401222456,0,0,0,0.047154656179829266,0.0001,0.02132738560867544,0,0,0.054311665178665924,0.07051303854572653,0,0.20131621326702892,0.0842132738836914,0,0.06414279063691265,0,0.10868294545082798,0,0.0429728183516484,0,0.2566356678825007,0.003,0.3066075653442335,0.9814726501602932
X34049,0,0.3372614873272144,0,0,0.2517908160120058,0,0.011269040682408192,0,0.014076533421524933,0,0.21628514521311995,0,0,0.009547594214563864,0,0,0,0,0,0.1597693831291629,0,0,0.999,-0.0758,1.1491562530294122
X34019,0,0.27066426571611807,0,0,0,0,0,0,0.24097488822823812,0,0,0.07108372906564407,0,0.19369550866904253,0,0,0,0,0,0.22358160832095714,0,0,0.334,0.05721333195044928,1.0860556105009742
X32103,0,0.19748004001532526,0.20365663365782521,0.031384398649950344,0.11601610983880026,0,0,0.11114050924524356,0.17250599352427962,0,0.047014149272601634,0,0,0.02996281480119668,0,0,0,0.023583025293712683,0,0,0.06725632570106475,0,0.876,-0.0148,1.1036746560756652
X32098,0.05510598888379605,0,0.021583837392066613,0.05307310489039809,0,0.35347417485688754,0,0,0,0.1035517970187034,0,0.2095661790828326,0,0,0,0.04895683572517268,0,0,0.09216260156195692,0,0.039754531493843545,0.022770949094342567,0.087,0.12912572762294294,1.0817809712718855
X32089,0,0.24161435670518785,0,0,0.34940908847873914,0,0,0,0,0,0.01561484457086086,0.0717511319727152,0,0,0,0.10515957225292127,0,0,0.17639965288749188,0,0,0.040051353132083835,1.0,-0.0896,1.117051168410496
X32055,0,0.012624905282403643,0.06306500862384547,0.24515020707963966,0,0,0.04554282599756032,0.09241687394916531,0,0.08202179243701092,0,0.06716893078110238,0,0,0.05502124404507328,0.21980553829037436,0.0003,0.01352298642305299,0.06871748970772697,0,0.01507418038899482,0.019598535769974907,0.003,0.2996023135255211,0.9632447278249785
X32054,0.22351947364732486,0,0.0005,0,0,0.1824290872977087,0,0.18545284943308063,0,0,0,0.06226610855395278,0,0,0,0,0,0.324144361880279,0.008529712052625394,0,0,0.01312790255394948,0.656,0.01347433616155682,1.1138829946524949
X32049,0.0029698627293926884,0,0.42605746582831344,0,0.014661133787043775,0.05294777811935475,0,0,0.1591884347167648,0,0,0.03828622416874373,0.003709243342335973,0.04411492960499069,0,0,0.059446462990375246,0.0340369672898143,0.1645814974228707,0,0,0,0.081,0.1384294832201346,1.0726128932840822
X32048,0,0,0.042092078278498264,0.2006044720320825,0,0.035751361067373935,0.002091978393209754,0.2365229234385935,0,0,0,0.11977775702984052,0,0,0.05512195308378229,0.05395040369086488,0.06272210453267726,0.041476557017826626,0,0.07501941010094403,0.07486900133430643,0,0.237,0.07631349324819872,1.0730036693032523
X32034,0,0,0,0,0.7173125962049169,0,0,0,0.14370154098396537,0.03957963024875451,0,0.04045570054698971,0,0.05895053201537346,0,0,0,0,0,0,0,0,0.999,-0.0745,1.2168688909753538
X32032,0,0.07187537770330919,0.005096961712016001,0.09580731268581967,0.006755818056427792,0,0.24900084441065265,0.0321824186235337,0,0,0.08968302326770262,0,0.0405287264285605,0.20431404897058306,0.023249547242239973,0.14057164112561907,0,0.006444058106061881,0.03449022166747383,0,0,0,0.014,0.22596036540566458,0.9914140807602492
X32022,0,0.176847014242489,0,0,0,0.1605100673838349,0,0.22746560377400968,0.13487481337481702,0,0,0,0.0019571488820768943,0,0,0,0,0.13964106164191162,0,0.09747685132887063,0.04192918596646673,0.019298253405523578,0.977,-0.0395,1.1039324018997683
X32013,0.03625216461549411,0,0,0,0.34469057320783486,0,0,0,0.06997926541842765,0,0.07302518083867743,0,0,0.10293719372447581,0,0,0,0,0.37311562219509015,0,0,0,1.0,-0.1468,1.1848744753526605
X27098,0,0.007848178817596176,0.04479373225734654,0,0.416290640041314,0,0,0,0,0,0.2892056649382086,0,0,0.05001488263879564,0,0,0,0,0,0.19184690130673904,0,0,1.0,-0.0975,1.1964063066293635
X27006,0,0.23099516102472217,0,0,0.3814812936230702,0,0,0,0.13478438196519552,0,0.07413278693498145,0,0,0.010726750995464848,0,0,0,0,0,0.1678796254565657,0,0,1.0,-0.1642,1.1779786346318302
X261,0,0,0,0,0,0.11068370697866835,0,0,0.17614773998141428,0,0.3991074762428079,0,0.015263612097809607,0,0,0.0018802437738251962,0.11532295435352408,0.022891208551156367,0,0.1418061891927039,0.0168968688280902,0,0.011,0.24657242220003603,1.031959272920325
X26047,0,0.18643561409278628,0,0.2588091153030393,0.0589721919221767,0,0,0.03006282049154215,0.030310732246523767,0,0,0.04809132706471935,0.036989890777755864,0,0.06345639964762692,0.06196247424324717,0.07623114791582823,0,0.11176021095862014,0,0.018747564686677383,0.018170510649456694,0.402,0.046056727449605143,1.0581622493269112
X23221,0,0.05659037381818404,0.08425540738179234,0.14716502151011535,0,0.03236604642513429,0,0,0.04143275769862966,0.07555862370053214,0,0.08449760576716439,0,0,0.0046035940874132,0.3033787495964417,0,0,0.12823562774397623,0,0,0.04191619227061673,0.003,0.31615646782907925,0.9529417668859521
X23213,0,0.03533388017900844,0,0.04165506921034723,0,0.26512587479541383,0.08225363037767892,0,0,0,0.06700413225395459,0.08099285696671851,0,0.13520597461488806,0,0.20711239999606929,0.0007,0,0.05788671191693833,0,0.008947629083008873,0.017799087216677733,0.006,0.27733982749797875,0.9743419294623099
X23212,0.040185834390541304,0.05549846037215108,0,0.056120615362898855,0.088814450493939,0.07055147102836559,0.013483144185205674,0.11472897542159936,0,0.24924645250715852,0,0.08949812301751445,0,0.026346037090218485,0.04833472198013971,0.07839822253516539,0,0.023986838187330738,0.04253502758803118,0,0,0.0022716258397406453,0.002,0.35341740377581565,0.9492210883569758
X23210,0,0.027560834287714817,0.16929808318555956,0.10537109362685647,0,0.12007648838457995,0.10180513921673225,0.03915818545158748,0,0.1026185856828315,0,0,0,0.08206850998862149,0.03337945813854376,0.14703986439344668,0.029861824900960048,0,0.03426314670682684,0,0.007498786035739047,0,0,0.4221058516867244,0.9064281995942725
X23204,0.049080443478131466,0,0,0.2806780003194278,0,0,0.18098156754261538,0.034059845296775575,0,0.07062676806725328,0.03398222250125609,0.03437963379414117,0,0.06548054686811525,0.021142651968647595,0.15461139337308097,0.037858314365950406,0,0.012931565088972955,0,0.009788766524806888,0.014398280810825143,0.005,0.28896663435866843,0.9714440007412618
X23202,0.03748798407718119,0,0.024327068037246023,0,0.04399537905720607,0.12051591231153481,0.14050883057312571,0.031105421195614123,0,0.052278711467484695,0,0.015574622457743381,0,0.22111447164915385,0.027643023563019488,0.024331830715177978,0,0,0,0.2015925789464175,0.05227644488310643,0.007247721065988769,0.086,0.13175470748820983,1.0489019662092764
X23197,0,0.08630214336640582,0.006188913140059804,0,0.07174885400681655,0.3984941351491794,0,0,0,0,0.022481961800071212,0.039880486452936806,0.005757295576451291,0,0.034232189221358046,0.19383788478932104,0.007997967138583346,0,0.07802004947918444,0,0.042136370602692506,0.012921749276939742,0.167,0.10020677611114567,1.0418207897391014
X23187,0,0.11933061999061807,0,0,0.4149973088831894,0,0,0.14270551387714966,0.030609962875718905,0.07121793610956251,0.07907191841517515,0,0,0.09025482841331817,0,0,0.051811911435268115,0,0,0,0,0,1.0,-0.0944,1.1603101199337846
X23182,0,0.09464530560276173,0,0,0,0.25734366631683475,0,0,0.019400686259712974,0,0,0,0.17571633488514338,0,0.006214016416228251,0.07249824876600017,0.1817362148900719,0.08901671659055535,0,0.10342881027269152,0,0,0.334,0.05744681016779641,1.0515927668094214
X23178,0.2909134538874648,0,0.05638267371206078,0,0.04119271005494923,0.16034416567412527,0,0,0.09466661026657026,0,0.17653182352457503,0,0,0.025565085017418488,0,0,0,0.0030015929161034062,0,0.15140188494673276,0,0,0.966,-0.0366,1.1277951692560675
X23172,0.028841352077372744,0,0,0.28062050426387064,0,0.07196065977941177,0,0.03300923580875999,0.007332193809369195,0,0,0.16449510324633365,0.0003,0,0.030638375578030598,0.10649617001013263,0.10335607448244478,0.007004292461543697,0.04884189780477005,0.02118552547623695,0.0301129960813722,0.06577871038331679,0.013,0.23099035366781784,1.0057174828954405
X23170,0.04022910168995593,0,0,0.12008376579087801,0,0.2584630139640856,0,0,0.025952330819601126,0,0,0.056369026392461705,0,0.03797984787543504,0.02609538147192761,0,0,0.14548805733551162,0.28573679057394286,0,0.0036026840862005017,0,0.405,0.04579931003088539,1.0864142261114291
X23167,0,0.06993542611093308,0,0,0.1509285764325231,0,0.05554851623039737,0,0.03484274458226012,0.05468374037870804,0.011012446315573111,0,0,0,0,0.28264226558076283,0,0.1283914001502377,0.016538302936026896,0,0.07550479633092062,0.11997178495165711,0.683,0.009961331086554462,1.0753746877495778
X23165,0,0.04564780353062812,0.2971290501612098,0,0,0,0.07368113232290123,0.17617289251441934,0.052001407115404505,0,0.10207362594707431,0,0,0,0,0,0,0.21571714481729626,0,0.037576943591066475,0,0,0.852,-0.0117,1.1221319344241962
X23162,0,0.17280865197001594,0.1282891556831156,0,0.11148027597138638,0,0.042666741826817296,0.09147167178335258,0,0.07518378315213248,0.04850113199245772,0.016468776783109963,0,0.02757700078073298,0.061999022503796235,0,0.024535579496380695,0.017941933306095437,0,0,0.1656421446069104,0.01543413014369634,0.058,0.15818052300303026,1.018853966936635
X23143,0,0.11381037812833644,0,0,0.11778947642799255,0.09738421311122493,0.08945173809385709,0.0006,0,0,0.2288998397834917,0,0.010879904269613334,0.008598983806049338,0,0,0,0.05917396357534584,0,0.23247122394774744,0.04098153910156798,0,0.544,0.026531100212148485,1.1149319081791493
X23139,0.11748256123089806,0.025171229017109574,0,0,0.13899177241590221,0,0,0,0,0.17174303799440266,0,0.11894985899421055,0.006272124406102201,0,0,0.14636222277237432,0,0.1353665392038115,0.0967521079270173,0,0.004489781656420001,0.038418764381751666,0.08,0.1406860023582235,1.036271204055798
X23128,0.2931495301556156,0.14367361238843432,0,0.05356041184984259,0.12579938372118785,0.05851789275119981,0.05293689328615316,0,0,0.09985936771787787,0,0,0,0.020332938867022164,0.04987519274423343,0.05469361975776309,0,0,0.044882345831536434,0,0,0.0027188109291335725,0,0.5828950338179105,0.8204022818492986
X23116,0.047673494261123786,0.030826535918583812,0,0,0,0.14934610214623983,0.07963600111571631,0.06397332721258692,0.0017530924238939492,0.23077563470184426,0.01928334169008687,0,0.045042547438853886,0,0.06228018467922374,0.12646442798374005,0,0.04089117337516564,0.04553033905632428,0,0.04308404585764288,0.013439752138973745,0,0.5210750987369227,0.8571458703827265
X23106,0.005166079106615229,0,0.047266479500650764,0.2644922994283067,0,0,0.13375413285621301,0.08006089551107079,0,0.11604200196784924,0,0.03306186006120271,0,0.007188791516023764,0.06635612427182433,0.12498487927747137,0,0.019515860761224912,0.07359193559589057,0,0.028518660145656672,0,0.003,0.32042186037206394,0.9563042241981135
X23102,0,0.006891841236456671,0,0,0,0.17670392834080992,0,0,0.05136329458632717,0,0.061121180887556144,0,0.09976157093947506,0.023667558344650556,0.005461407745918245,0,0.48881603026849213,0,0.04666342409753931,0.0395497635527748,0,0,0.053,0.1623541426311532,1.0321865018796093
X23098,0,0,0.0048002655017316586,0,0,0.15755849497287835,0,0,0,0,0.16768400274865394,0,0,0,0,0.12897502499525346,0,0.24234770283723964,0.1282159360874587,0,0.143272132308672,0.02714644054811225,0.896,-0.0174,1.1063651763544664
X23084,0,0.3258289337614808,0.05760317043418849,0.0056834525564774365,0,0,0,0,0.17740920342242883,0,0.11153236068495621,0,0,0.06390755347061187,0.061928155925266744,0.001562398130319887,0,0.14917573465133674,0,0.04536903696293294,0,0,0.029,0.1917034221511775,1.0111646026737038
X23077,0.2610221114586258,0,0.06096895455371664,0,0,0.03840984206664731,0,0.06221879285962306,0.13058233118375345,0.10772066764573765,0,0.015316404754841351,0,0.26967008441890683,0,0,0,0,0.05409081105814791,0,0,0,0.998,-0.0661,1.117517003455286
X23074,0,0.0192066552898291,0,0.3441718064759521,0,0,0.03356503617902176,0.1410802300929092,0,0,0,0.1103002397386767,0.055711478852932594,0,0.021296970839182243,0.05735136761881764,0,0.043008622261442996,0.13029316031551477,0,0,0.04401443233572088,0.75,0.0013841391791206035,1.1093961718645935
X23070,0,0.12096737446899854,0,0,0.23358836146991568,0,0,0,0.3322082246817565,0,0,0.11975779010300429,0,0.04317992886663186,0,0,0,0.04241572041514706,0.10788259999454611,0,0,0,0.998,-0.0684,1.127705869392834
X23055,0.03258062480092404,0,0,0,0,0.3795355237560985,0,0,0,0,0.19941428554742804,0,0.14163851377821762,0,0,0,0,0.05484139135623983,0,0.19198966076109195,0,0,1.0,-0.0943,1.1631423912553567
X23053,0,0,0.05789070536498044,0,0,0,0.027223183153190653,0,0.1583911208266787,0,0.241519505380897,0,0,0.12023581395592352,0,0,0,0.2823382969304153,0,0.061097894727054604,0.04280330522126734,0.00850017443959246,0.382,0.049590024488812015,1.1013374676578644
X23043,0.14985941051075546,0,0,0,0.26544427831120376,0,0,0.01317711016588247,0,0,0,0.2463034563848911,0,0.02827322875318274,0,0,0,0,0.1747460777171832,0,0,0.12219643815690132,1.0,-0.1967,1.2130171440219573
X23030,0.1371882430377868,0,0.03631176604546811,0,0,0,0.06584863556250196,0.08551214079963547,0.20593988617689712,0.08592090524906237,0,0.0823576644649812,0,0.20085271477282324,0,0.07456566308518181,0,0,0.013354655496172494,0,0.011322357297608877,0.0008,0.44,0.04097671694789725,1.0720174628635843
X23026,0,0.18631815008477998,0,0,0.36080040029448307,0,0,0,0.2406290282942701,0,0,0.016751821023661292,0,0.07506894350987271,0,0,0,0.026264085904813987,0,0.09416757088811885,0,0,1.0,-0.1207,1.150329328658306
X2227,0.1375269126976506,0,0.02804866305206645,0,0.01474792931814532,0.018936178503446702,0.17117484049299547,0,0.005208611244357755,0.1155502032725589,0,0,0,0,0,0.09153454838470086,0,0.18206106523810398,0.12008137818358486,0,0.03133827618595831,0.08379139342643084,0.071,0.14893077205126395,1.0158527153998942
X2219,0.028242490530047182,0,0.007300567038480393,0.19940087143565044,0,0,0.18511278969817804,0.036753710494130454,0,0.11596412029417262,0,0.037768278322021405,0.0022339602096051897,0.0031519985270655466,0.09238451747699179,0.09172818346040655,0.011668553604067128,0.0072592257340929455,0.16413535203650406,0,0,0.01689538113858622,0,0.4627328272635363,0.8856405351384279
X22058,0,0,0,0,0.00292464700873726,0.32175961206543413,0.08580136368755141,0,0.015740877613168138,0,0.1104089059788708,0,0,0,0.03290289184665773,0.07504000426482854,0.12757709835389025,0.05486052784836181,0.06021599479146075,0,0.11276807654103908,0,0.878,-0.0151,1.0834344506656473
X22057,0,0.05931622569330059,0,0,0.3266830667586564,0,0,0.34952053847191555,0,0.10309428884190136,0,0,0,0,0,0,0,0,0.0725158862509405,0,0.0888699939832856,0,1.0,-0.0909,1.1771472144607924
X22048,0,0.1501026980088292,0,0,0.09845438199218325,0.039430978023253425,0.004649148432046685,0,0.11897767582620448,0,0.18208069912805439,0,0,0.009607773671004021,0,0,0.2920360301045802,0,0,0.10466061481384435,0,0,0.895,-0.0172,1.0944117204283672
X22047,0.04415041682444422,0,0.0020074344791577345,0,0,0.3224405045231288,0,0.033076953178197165,0.07613920033105097,0,0,0.1167646228349983,0.03284138356751632,0,0,0.1331901713098518,0,0.06120656402268486,0.10616402953871726,0,0.06912034750648093,0.002898371883771619,0.275,0.06747660066299198,1.0561451456071242
X22046,0,0.1460300293178663,0,0,0.36176457504793014,0,0,0,0.021799505464788926,0,0.11406712005336843,0,0,0.016967686787570435,0,0,0.17028995065597666,0,0,0.1690811326724991,0,0,0.991,-0.0511,1.1145083540569949
X22037,0.07091857262722855,0.08478000820969828,0.3010361091013199,0.022525694522114142,0.027210260296343894,0,0,0.1461639523005828,0,0.15413814764081615,0,0.012348773589460411,0,0.0499850070475665,0.06265812616093915,0.001547793187974065,0,0,0,0.06513066108551459,0.0015568942304416157,0,0.033,0.19033420203099377,1.0304813479954198
X22031,0,0,0.017802835044180725,0,0.05387026094769531,0,0,0.20044459470828502,0,0,0.17285456317488757,0,0.07544252435281272,0.05788905296584017,0,0,0,0.14157875141207935,0,0.22568801532484029,0,0.054429402069378845,0.999,-0.0747,1.146532883981528
X22029,0.1314725319476811,0,0,0,0,0.24027221781523322,0,0,0.054754319245243335,0,0,0.13062993551562396,0.03042325177724533,0,0,0.21578753496620184,0,0.09791638201724656,0.06483243806893312,0,0,0.033911388646591406,0.841,-0.0104,1.082287497215031
X22023,0.5049941335390603,0,0,0,0,0.11397625955842794,0,0.19310954910377542,0,0,0,0,0.13138895784338703,0.05653109995534928,0,0,0,0,0,0,0,0,1.0,-0.0812,1.1632597125427429
X22020,0.15910535047015345,0,0.0031495449581444334,0,0,0.42001094924619187,0,0,0.010257768299533381,0,0.001721881409333728,0.018312456018854593,0.2077571586793295,0,0,0.10785163314035413,0,0.006194901574873185,0.05011862491556635,0,0,0.015519731287665373,0.96,-0.0346,1.0972397838019907
X22013,0,0.12310796445787914,0,0.1607886777152722,0.03085419055274222,0,0.21328092119208528,0.09890697484170717,0,0,0.02916296638471589,0.07102190586061163,0,0.007649288529161309,0.04529462855147082,0.04834313535185803,0.064948639865197,0,0.09099733361757649,0,0,0.015643373079722883,0.561,0.02414406973066797,1.0728145414162547
X22012,0.389405294150384,0,0.177527324077063,0.015518502760034865,0,0,0,0.026730844220026417,0,0,0.0034627796073519526,0,0,0.2702980590239609,0,0,0,0,0,0.058453782541582185,0.008051483207113288,0.050551930412483466,0.081,0.13850136312196204,1.0639077844512965
X20074,0,0.062038780938342954,0,0,0.45111491822725575,0,0,0,0,0,0.1786322451839883,0,0,0.10783127423675606,0,0,0,0,0,0.20038278141365695,0,0,0.999,-0.0764,1.1640327118966003
X20046,0.02472452951692502,0,0,0.06568370051850342,0,0.1945693973896601,0,0,0.0685303917660279,0,0,0.010909086265292234,0.039072318916903256,0.1394579476243458,0,0.07550432919693242,0.19603717025736928,0.01042908862024681,0,0.10389638473730003,0.036730136827126704,0.03445551836336699,0.003,0.301725417497821,0.9600224341505481
X20041,0.01616475940161624,0,0,0.012453236205159016,0.12048645542441618,0,0.1885659177751392,0.13642613452100139,0,0,0.06758690377584992,0,0.004334479138964907,0.13634075112516456,0.11510640395270365,0,0,0.11509266657677816,0,0.03825612364395593,0.026638698889322184,0.022547469569928674,0.027,0.19641913631800434,1.0150845954315288
X20032,0,0,0,0.1086329350749911,0,0.07694572791584217,0,0.10582005478571618,0.00917281057905218,0.2551620215192236,0,0.063481288772959,0,0,0.0649030497502124,0.22030892808614289,0,0,0.06578399204119599,0,0,0.029789191474664408,0.003,0.2947438729268627,0.9790609066449594
X20031,0,0.15520855743785342,0,0,0.6599010929384118,0,0,0,0,0,0,0.13497403541214922,0,0.04991631421158554,0,0,0,0,0,0,0,0,1.0,-0.0867,1.1931357099077886
X20027,0,0.2062099491771896,0,0,0.2551307746239154,0,0,0,0.2731347658091996,0.04273161690961476,0,0.06286534559436095,0,0.09958664577750648,0,0,0,0.018283059434883023,0.02609758822812451,0,0.015960254445205744,0,1.0,-0.1006,1.1342962813358903
X20025,0.011346327705799216,0,0.029758225082328386,0.032413833736016154,0.06629039166060871,0.19233967859065376,0.03564342224518285,0,0,0.20752242103250787,0,0,0,0,0,0.2451800516765138,0,0,0.12670472779461936,0,0.02497457114751053,0.027826349328259267,0.018,0.21177694521415732,1.0003536954273045
X20019,0,0.20614195610623992,0,0.0015292358284546602,0.1003790659795745,0,0,0,0.2349847118880426,0,0.2560365149544471,0,0,0,0,0,0.06861612684290673,0,0,0.1323123884003345,0,0,0.989,-0.048,1.1341170760395776
X152,0,0.07172441496689146,0,0,0,0,0,0.17613504550648235,0.2739858843480123,0.002180609826405796,0,0.1808995472773801,0.016422911749690437,0.22388202794446807,0,0,0,0,0,0.0547695583806695,0,0,0.998,-0.0641,1.1471993130498557
X146,0.004126453861355419,0.04741339600021014,0,0.19947695823694495,0.026443897625638754,0,0.27983740429960485,0,0,0.14937593757269024,0,0.0002,0,0,0.04253586779361201,0.08970413692009092,0.03751602003271568,0.020291801413872886,0.04790839572112646,0,0.017078022265352585,0.03808326079148907,0.023,0.20763082648119,1.0041938249910722
X129,0.08990563708719515,0,0.15249420895070664,0.0194393741742853,0,0.0923637506405042,0.14055344728965893,0.03341399157358618,0,0.07555770795556066,0,0.04552398398686181,0,0.052124629945546876,0.040455631836870724,0.08493641951211554,0,0.057746190848620926,0.0280671477432082,0,0.040462159554355774,0.04695571890092304,0.172,0.09754282676129605,1.0357722330891104
