,HH-001,HH-002,HH-003,HH-004,HH-005,HH-006,HH-007,HH-009,HH-010,HH-011,HH-012,HH-013,HH-014,HH-015,HH-016,HH-017,HH-018,HH-019,HH-020,HH-021,HH-022,HH-023,HH-024,HH-025,HH-026,HH-027,HH-028,HH-029,HH-030,HH-032,HH-033,HH-034,HH-035,HH-036,HH037,HH038,HH039,HH040,HH041,HH042,HH043,HH044,HH045,HH046,HH047,HH048,HH-049,HH-050,HH-051,HH-053,HH-054,HH-055,HH-056,HH-058,HH-059,HH-060,HH061,HH062,HH063,HH064,HH065,HH066,HH067,HH068,HH069,HH070,HH071,HH072,HH073,HH074,HH075,HH076,HH077,HH078,HH079,HH080,HH081,HH082,HH083,HH084,HH085,HH087,HH088,HH089,HH090,HH091,HH092,HH093,HH094,HH095,HH096,HH097,HH098,HH099,HH100,HH101,HH102,HH103,HH104,HH105,HH106,HH107,HH108,HH109,HH110,HH111,HH112,HH113,HH114,HH115,HH116,HH117,HH118,HH119,HH121,HH122,HH123,HH124,HH125,HH126,HH127,HH128,HH129,HH130,HH131,HH132,HH052,HH057,HH086,HH120,HH143,HH144,HH145,HH146,HH147,HH148,HH149,HH150,HH008,HH031,HH133,HH134,HH135,HH136,HH137,HH138,HH139,HH140,HH141,HH142
ALDH3B2,241.63,482.8,148.25,532.9,70.59,156.61,188.62,359.09,81.43,377.69,394.91,531.19,219.69,34.93,376.64,38.2,317.27,68.9,411.1,108.25,32.42,30.12,14.79,443.56,768.59,629.12,406.56,414.39,213.42,379.89,389.42,385.08,1605.67,371.4,151.55,468.32,118.1,460.55,402.08,269.98,209,188.21,103.21,1462.38,33.57,28.8,45.59,62.13,69.46,328.14,54.61,551.75,181.52,97.71,219.98,1346.2,243.04,32.23,605.39,238.48,277.22,71.63,111.1,250.16,61.66,316.67,126.54,36.96,343.73,223.91,294.36,2255.35,47.34,994.79,132.18,348.19,144.72,665.28,2183.91,763.46,26.18,1729.31,192.78,301.26,32.51,27.57,43.92,73.83,128.93,289.89,95.35,657.74,225.8,99.85,429.3,121.2,300.79,227.97,440.62,139.31,490.51,666.79,1009.83,576.13,276.65,155.82,237.35,36.3,819.17,980.33,36.04,1145.31,1582.33,816.36,79.28,1868.16,153.09,167.25,94.22,1939.96,124.38,149.59,359.35,35.61,130.98,24.25,136.66,111.59,479.04,133.57,354.57,122.3,329.43,284.38,322.18,293.37,176.15,267.36,78.8,172.15,425.24,280.47,1154.08,30.82,103.23,168.78,304.99,186.53,416.87,291.62
ASF1B,162.02,214.84,132.3,38.78,165.43,122.88,36.39,219.49,118.45,126.53,339.76,297.01,369.23,34.93,152.47,38.2,400,31.77,195.06,83.43,146.85,161.63,14.79,120.35,258.19,159.01,241.8,324,158.03,65.36,181.33,258.44,91.52,91.46,304.08,114.22,36.17,270.6,327.34,30.34,83.29,45.92,50.85,495.18,251.27,28.8,110.25,160.1,226.05,189.37,32.12,121.89,80.96,23.35,190.22,193.56,318.86,88.25,231.1,729.53,94.87,252.69,104.62,1127.49,166.95,234.06,32.5,124.01,224.75,220.72,228.13,270.05,352.94,185.73,142.35,123.67,348.24,153.81,210.96,203.17,141.64,192.41,124.03,164.1,32.51,181.05,157.89,193.81,95.69,137.96,25.86,207.46,171.16,219.82,279.75,253.29,168.87,319.16,197.22,93.06,66.34,114.87,79.95,80.39,181.2,60.52,198.66,189.59,205.97,424.54,36.04,445.95,121.64,175.89,48.22,84.92,275.07,205.93,179.67,157.33,182.38,32.46,284.08,35.61,274.08,24.25,66.72,341.84,179.14,201.2,148.73,112.17,26.47,88.5,224.49,843.78,69.53,35.62,40.07,60.49,51.44,451.9,131.65,163.85,703.82,223.15,451.88,476.4,107.22,42.02
C6orf118,24.55,32.97,97.06,203.45,34.93,35.69,284.41,29.89,36.06,26.08,237.34,98.53,43.14,3474.59,38.3,192.04,34.88,506.89,53.48,44.13,119.9,26.59,14.79,38.75,39.07,29.08,39.81,37.34,49.82,30.69,35.83,33.86,31.14,87.31,56.09,25.42,758.75,42.43,42.76,439.73,25.77,675.13,384.76,52.12,33.57,510.83,51.39,146.56,91.83,68.57,47.12,16.34,34.94,488.57,19.55,13.63,55.05,201.26,45.08,65.41,34.74,25.72,80.54,66.39,39.29,47.99,91.2,36.96,27.52,65.79,52.02,28.97,76.4,39.38,30.84,35.59,36.26,38,30.84,73.01,31.22,294.55,25.77,28.44,49.46,31.25,96.16,83.06,23.72,23.34,141.86,27.68,23.44,32.67,201.11,41.6,73.88,38.39,51.18,47.14,36.7,25.6,34.68,34.65,29.63,148.09,14.37,36.3,38.36,50.89,302.04,31.42,37.96,29.84,48.22,48.83,38.22,85.72,37.89,27.54,40.1,32.46,180.89,168.77,209.8,24.25,42.64,33.54,27.55,31.36,84.99,31.84,26.47,38.28,30.76,28.87,25.77,35.62,29.89,28.1,32.41,32.08,43.14,67.59,27.73,30.41,141.91,270.6,34.64,33.76
CCDC78,41.9,32.97,35.83,146.65,34.93,35.69,167.08,40.39,36.06,26.08,135.9,33.51,43.14,1530.6,38.3,171.83,34.88,251.97,68.17,31.72,32.42,39.39,38.44,38.75,39.07,34.57,39.81,37.34,49.82,30.69,72.34,81.41,31.14,41.57,40.35,25.42,121.34,42.43,76.23,264.64,25.77,467.49,193.52,34.78,33.57,228.62,45.59,50.98,35.32,25.55,78.17,16.34,14.49,259.42,27.17,13.63,112.17,45.2,45.08,28.95,34.74,25.72,28.63,34.29,39.29,59.31,67.26,36.96,27.52,25.99,52.02,28.97,47.34,39.38,30.84,35.59,36.26,38,30.84,73.01,26.18,305.24,25.77,28.44,50.87,24.04,25.22,8.91,24.17,23.34,79.07,65.97,23.44,32.67,82.51,41.6,27.08,9.07,34.69,62.04,92.46,25.6,34.68,34.65,29.63,31.3,14.37,36.3,38.36,49.55,143.72,31.42,37.96,29.84,37.64,48.83,38.22,37.51,37.89,48.98,40.1,32.46,33.25,129.55,374.74,24.25,42.64,36.15,27.55,31.36,116.86,35.46,26.47,231.28,30.76,28.87,25.77,35.62,29.89,28.1,88.31,40.97,43.14,30.82,27.73,30.41,34.96,133.99,53.61,37
CDHR3,24.55,32.97,35.83,87.78,34.93,43.37,114.36,29.89,36.06,26.08,187.11,33.51,43.14,1535.83,38.3,74.64,34.88,224.41,28.8,30.15,32.42,26.59,14.79,38.75,39.07,29.08,39.81,37.34,49.82,30.69,35.83,33.86,31.14,25.96,33.41,25.42,291.21,42.43,42.76,346.17,25.77,800.19,497.83,34.78,33.57,283.99,22.38,43.01,23.55,29.39,18.2,16.34,13.15,248.18,19.55,13.63,55.05,48.43,45.08,28.95,34.74,25.72,28.63,34.29,39.29,47.99,64.98,36.96,27.52,25.99,52.02,28.97,47.34,39.38,39.4,35.59,36.26,38,30.84,25.26,26.18,167.47,25.77,28.44,32.51,26.65,25.22,8.91,23.72,23.34,25.86,27.68,23.44,32.67,139.23,41.6,27.08,9.07,34.69,47.14,35.9,25.6,34.68,34.65,29.63,31.3,14.37,36.3,38.36,25.64,157.2,31.42,37.96,29.84,37.64,48.83,38.22,37.51,37.89,27.54,40.1,32.46,33.25,153.32,126.13,24.25,42.64,33.54,27.55,31.36,25.79,29.41,26.47,38.28,30.76,28.87,25.77,35.62,29.89,28.1,32.41,32.08,43.14,30.82,27.73,30.41,34.96,164.64,34.64,33.76
CENPM,24.55,36.72,35.83,38.78,34.93,61.44,36.39,29.89,36.06,26.08,35.96,33.51,43.14,34.93,38.3,38.2,35.34,31.77,28.8,42.75,32.42,27.23,14.79,38.75,39.07,29.08,39.81,50.4,49.82,30.69,35.83,33.86,31.14,25.96,47.24,25.42,36.17,42.43,42.76,30.34,25.77,45.92,48.57,34.78,33.57,28.8,16.91,26.39,42.38,25.55,16.41,16.34,13.15,38.91,19.55,20.37,58.16,32.23,45.08,28.95,34.74,25.72,28.63,34.29,39.29,47.99,32.5,39.89,43.63,25.99,52.02,28.97,47.34,39.38,30.84,35.59,36.26,38,30.84,25.26,26.18,43.95,25.77,28.44,32.51,24.04,25.22,8.91,27.2,23.34,25.86,33.46,29.9,39.47,38.68,41.6,33.77,40.79,34.69,47.14,35.9,25.6,34.68,34.65,29.63,31.3,41.28,36.3,47.24,44.2,36.04,31.42,37.96,29.84,37.64,48.83,38.22,41.81,39.13,27.54,40.1,32.46,60.7,35.61,34.67,24.25,42.64,57.37,27.55,31.36,25.79,29.41,26.47,38.28,30.76,86.61,25.77,35.62,29.89,28.1,32.41,32.08,43.14,30.82,27.73,30.41,34.96,41.51,34.64,33.76
CENPU,223.47,167.96,349.69,117.73,269.54,179.5,65.35,187.89,332.08,157.21,295.44,314.14,492,164.83,274.65,52.87,573.5,49.21,201.35,141.34,374.53,289.65,113.06,133.22,125.51,134.81,304.56,422.39,206.9,127.99,387.44,130.51,98.77,164.91,380.84,248.44,101.92,377.78,258.58,69.5,144.57,86.21,129.01,583.5,375.32,100.02,159.98,211.87,269.61,180.39,58.89,159.1,322.99,93.39,439.96,164.45,290.82,160.36,204.46,585.63,190.42,334.26,84.25,1069.4,126.48,124.97,32.5,528.99,220.78,114.61,279.64,359.45,209.27,370.72,119.47,347.24,256.88,230.71,381.17,304.75,531.52,294.55,432.75,281.67,74.9,281.22,166.2,136.59,145.04,309.1,79.07,135.75,240.24,116.1,350.66,356.79,291.29,489.54,379.45,244.21,146.09,205.57,84.87,206.13,254.51,123.62,549.53,227.51,153.06,380.35,70.74,380.66,123.65,89.96,76.83,218.91,252.15,365.86,733.03,127.65,399,32.46,332.64,52.3,191.61,100.42,274.39,486.43,439.23,158.09,164.67,140.4,219.62,226.56,230.73,514.09,201.65,419.27,109.52,117.25,174.9,92.65,155.46,313.36,520.82,208.42,414.53,338.91,217.22,127.94
CNN1,24.55,32.97,35.83,82.62,34.93,35.69,23.42,51.8,36.06,130.37,35.96,33.51,43.14,34.93,51.5,108.07,34.88,31.77,28.8,30.15,32.42,26.59,83.67,38.75,39.07,29.08,39.81,51.2,49.82,30.69,35.83,33.86,31.14,25.96,33.41,25.42,36.17,42.43,42.76,30.34,25.77,45.92,34.21,79.63,33.57,28.8,16.91,554.36,17.4,25.55,16.41,16.34,13.15,19.16,27.17,13.63,30.24,37.67,45.08,28.95,34.74,25.72,28.63,34.29,39.29,47.99,32.5,36.96,27.52,25.99,52.02,28.97,47.34,39.38,30.84,35.59,36.26,38,30.84,49.2,26.18,32.99,25.77,28.44,32.51,26.65,25.22,8.91,23.72,23.34,25.86,27.68,75.27,32.67,26.9,70.81,27.08,9.07,78.64,70.5,35.9,25.6,34.68,34.65,29.63,31.3,159.96,36.3,38.36,25.64,36.04,31.42,43.23,29.84,37.64,189.31,63.04,37.51,82.25,27.54,40.1,85.83,33.25,35.61,57,685.22,42.64,33.54,50.43,135.26,25.79,29.41,26.47,67.26,66.52,28.87,25.77,717.01,1713.61,28.1,32.41,32.08,43.14,77.83,84.46,30.41,43.57,41.51,34.64,33.76
CRISPLD2,203.92,64.06,59.83,332.55,124.07,35.69,23.42,240.56,123.74,1666.04,35.96,124.23,238.15,34.93,657.35,175.71,123.7,31.77,28.8,30.15,68.04,135.56,2062.27,102.18,96.82,50.7,103.42,333.6,91.23,147.05,119.9,80.12,39.87,78.99,90.54,78.53,36.17,147.5,97.16,30.34,42.43,45.92,34.21,56.47,101.78,28.8,108.59,439.67,17.4,25.55,50.33,45.59,29.83,22.48,46.58,29.11,30.24,78.57,45.08,78.49,34.74,555.12,28.63,85.36,39.29,176.87,39.9,176.04,56.85,49.87,305.8,48.85,78.89,74.29,130.91,194.07,96.78,38,177.4,220.63,58.63,32.99,25.77,369.84,32.51,131.42,32.05,27.69,23.72,97.79,146.51,57.36,343.34,32.67,78.64,123.92,161.48,112.79,434.37,518.88,98.81,25.6,34.68,162.84,450.93,31.3,224.45,95.45,239.04,104.46,36.04,146.07,665.5,60.42,124.24,800.86,224.31,80.49,1028.48,46.01,136.26,122.62,356.92,298.32,346.84,1262.15,51.65,66.01,164.55,681.39,38.51,38.36,26.47,86.14,293.08,438.65,25.77,455.73,535.59,38.15,53.15,32.08,260.51,402.45,375.37,219.75,112.04,41.51,299.48,45.15
CYP4B1,177.38,451.55,35.83,74.36,34.93,1317.96,495.31,105.36,81.43,1227,519.98,4043.88,139.38,1117.21,55.54,38.2,351.01,87.6,2136.23,1372.77,32.42,421.15,14.79,451.88,1931.64,1103.83,76.32,40,1210.45,140.24,216.02,54.27,446.73,532.16,59.05,1072.27,231.35,87.02,496.24,112.27,158.72,230.71,34.21,55.02,33.57,28.8,16.91,176.82,1578.81,115.91,86.74,16.34,117.6,21.62,2387.41,481.72,729.12,492.92,246.42,192.19,51.81,565.07,318.48,47.42,125.21,2354.36,269.04,36.96,959.8,465.85,110.38,586.19,47.34,98.81,957.04,150.31,426.03,1478.26,47.95,2387.21,26.18,32.99,25.77,383.31,32.51,24.04,108.03,605.44,684.92,153.68,232.56,99.43,557.8,2342.89,1134.48,41.6,241.69,1099.05,1107.15,47.14,4250.14,1315.44,511.68,45.35,849.3,31.3,149.64,670.76,4273.46,42.86,101.05,31.42,163.86,578.7,37.64,95.04,54.85,60.63,37.89,535.83,178.19,767.58,33.25,64.18,231.63,24.25,103.3,330.05,184.45,31.36,532.52,513.82,1411.84,371.71,267.1,1827.26,3029.33,674.48,29.89,68.86,316.36,1544.79,1046.23,72.71,1194.14,118.94,1328.24,842.46,705.26,86.54
DCN,4293.4,999.19,642.2,2311.3,348.69,116.86,136.64,1085.17,3580.99,16334.49,58.1,719.67,3179.98,690.73,4456.06,2622.48,2031.35,62.01,280.01,79.29,410.9,1300.53,16746.88,838.67,871.39,43.78,543.5,1679.98,407.28,1681.58,1179.17,4036.86,41.68,764.98,154.5,919.5,124.57,2785.6,221.22,231.22,985.31,2292.51,297.49,241.8,861.95,398.3,1561.7,7496.61,206.03,98.77,1431.68,611.29,663.87,274.12,509.83,539.93,169.3,1666.04,1115.54,408.53,94.2,5278.6,376.8,34.29,309.87,525.31,3681.12,1240.96,277.63,321.53,2532.29,39.63,363.73,92.87,5031.79,518.47,1621.79,759.27,1874.66,1468.2,296.22,58.2,114.59,2489.68,139.9,58.82,52.23,134.75,59.43,230.52,497.68,130.97,3107.61,646.29,212.71,332.28,1395.25,43.19,3201.64,4280.23,812.34,146.83,1913.88,1382.1,3405.51,167.41,3498.4,2082.87,2053.11,179.46,715.24,1703.02,3857.31,408.18,37.64,7302.03,1626.67,1425.8,7401.41,106.87,611.43,2091.83,3481.76,20806.38,2261.77,14889.79,1030.86,33.54,6394.75,4522.03,130.14,125.2,235.31,2959.48,1359.41,952.74,556.27,1780.37,18481.11,270.79,778.46,310.72,3296.26,9451.03,1651.62,2758.18,287.56,421.23,5626.39,1633.69
DEFB1,64.25,425.77,35.83,850.99,34.93,35.69,361.64,45.65,77.2,291.41,82.72,1787.76,595.38,94.19,248.4,244.91,133.33,231.3,1175.61,221.33,58.6,601.32,45.23,90.07,1316.05,146.33,211.84,37.34,386.11,91.23,243.76,91.75,1440.76,25.96,86.6,546.85,132.66,533.77,128.54,235.23,3460.36,210.07,311.9,1319.04,1275.44,28.8,16.91,160.89,423.84,377.93,54.61,53.97,13.15,117.6,4340.04,1865.75,1097.84,32.23,1174.82,65.41,145.34,2582.59,47.22,751.66,60.71,889.64,116.28,36.96,334.48,207.99,169.26,787.11,47.34,39.38,208.44,201.68,408.84,866.69,100.69,663.47,26.18,243.48,63.36,1353.22,65.01,24.04,538.96,254.73,75.54,97.79,769.77,80.31,54.65,785.61,41.25,78.98,27.08,26.4,102.35,47.14,141.15,312.67,484.62,257.66,618.3,166.12,14.37,375.26,3339.97,263.83,36.04,299.88,960.05,1012.39,37.64,110.62,92.51,104.53,58.29,1350.7,197.06,32.46,252.51,67.75,34.67,24.25,42.64,707.25,279.99,92.99,231.07,29.41,26.47,38.28,378.31,494.53,1562.18,35.62,108.19,28.1,48.01,337.82,1420.89,239.63,2547.81,996.8,669.72,636.66,546.28,45.78
DHCR24,955.33,1591.35,217.39,640.31,161.15,1055.33,570.31,416.16,915.87,1319.03,798.68,1816.32,3437.51,457.87,1746.88,170.27,2405.65,379.92,5448.06,2614.54,524.75,1283.15,214.82,1190.64,3375.59,1878.13,887.3,184.8,3258.28,758.41,3007.38,715.88,2403.08,728.95,1923.89,928.07,464.31,3687.61,5376.46,380.92,1901.47,643.56,311.9,1995.21,4187.32,1341.37,163.3,2387.1,705.23,1061.14,859.87,584.31,1705.27,575.05,2353.77,1336.01,1083.3,1726.31,1116.88,3107.28,1182.24,535.22,532.33,1717.92,434.44,1152.29,1176.5,339.07,4321.74,1750.93,2167.62,3595.47,545.6,561.66,1497.21,1420.34,1208.43,1444.08,3235.11,2925.29,220.07,1153.27,1694.6,1480.58,433.84,304.19,2900.16,431.93,1074.73,1910.49,1025.59,325.05,1131.07,947.37,996.53,829.34,968.86,1883.75,486.8,560.06,1081.94,667.65,1321.02,1746.95,843.77,417.23,1111.95,1724.61,2225.07,2245.92,1743.75,1085.55,2062.86,4100.6,50.68,1650.81,600.07,327.18,1045.25,2400.09,698.08,453.68,1498.08,172.34,1847.01,183.12,374.47,806.27,2107.25,904.58,2156.63,1133.3,1200.06,483.81,784.68,2335.76,1580.72,546.87,174.97,802.15,1327.15,2982.44,3116.99,409.62,1412.32,2197.49,3939.92,1825.04,1579.68,941.33
EFCAB1,24.55,32.97,67.15,152.85,34.93,35.69,274.02,129.06,36.06,26.08,236.35,74.25,43.14,771.84,38.3,171.05,34.88,347.44,28.8,30.15,138.76,26.59,14.79,38.75,39.07,29.08,40.66,37.34,49.82,30.69,49.54,55.57,31.14,25.96,33.41,25.42,192.52,42.43,64.27,371.56,25.77,847.55,481.14,34.78,33.57,1916.49,35.64,217.44,240.18,161.62,113.51,16.34,14.49,530.08,36.23,13.63,91.4,266.91,45.08,28.95,34.74,61.68,28.63,34.29,39.29,47.99,185.82,36.96,37.02,131.59,52.02,52.54,47.34,65.38,74.99,35.59,36.26,38,30.84,61.9,83,380.07,25.77,28.44,32.51,183.8,25.22,90.45,23.72,23.34,25.86,27.68,23.44,32.67,108.29,129.37,27.08,98.39,340.76,64.3,158.8,25.6,34.68,34.65,29.63,31.3,14.37,36.3,38.36,25.64,541.2,31.42,37.96,29.84,69.47,48.83,38.22,178.75,37.89,27.54,136.26,32.46,220.95,401.72,315.31,24.25,42.64,33.54,27.55,31.36,34.53,29.41,26.47,38.28,30.76,28.87,25.77,35.62,65.45,28.1,32.41,32.08,43.14,52.23,27.73,30.41,34.96,99.83,59.16,33.76
EFEMP1,24.55,118.75,35.83,121.86,199.66,618.02,23.42,189.64,161.81,899.16,35.96,33.51,109.85,34.93,1091.55,510.03,34.88,52.17,49.29,99.98,32.42,446.64,970.08,69.64,98.02,447.06,216.12,348.79,197.13,232.83,160.53,366.99,31.14,90.08,33.41,107.08,36.17,47.75,42.76,173.75,143,168.78,34.21,34.78,2178.74,212.55,232.1,1354.04,1056.07,88.16,1403.84,103.28,33.24,94.26,98.34,163,30.24,50.58,64.6,176.09,34.74,1354.97,169.42,183.77,39.29,47.99,1028.3,241.95,27.52,43.51,52.02,252.54,172.73,815.74,246.57,386.24,738.99,84.23,131.85,950.76,412.73,43.95,25.77,173.9,91.86,24.04,25.22,180.89,23.72,43.66,25.86,330.78,1096.02,92.88,64.46,128.01,94.99,88.79,254.63,164.69,115.75,25.6,195.57,34.65,59.48,31.3,423.11,223.59,94.48,234.37,401.97,389.51,527.78,204.09,87.46,1509.02,119.52,1079.8,906.31,127.65,240.38,335.97,146.89,394.59,328.65,1624.45,109.76,155.6,635.63,399.03,25.79,29.41,26.47,195.88,247.35,382.77,25.77,911.45,7570.35,180.53,96.88,41.6,748.61,85,426.98,240.14,321.17,501.8,488.05,131.7
ENG,377.1,346.86,498.6,230.3,137.62,166.25,113.62,190.52,756.17,1148.4,145.75,311.29,469.84,261.64,384.72,986.64,668.28,98.43,224.42,82.05,225.66,383.5,970.08,155.93,272.53,306.49,176.18,437.59,303.02,404.4,167.46,564.7,273.65,148.28,192.88,642.51,103.54,350.19,106.12,240.58,693.01,822.05,230.7,237.46,532.76,226.84,868.72,1294.31,180.13,154.27,145.63,328.44,94.6,125.39,267.86,267.78,198.38,385.3,271.73,221.37,121.79,1130.13,193.49,391.24,144.18,346.32,644.11,694.63,210.2,259.99,439.9,293.09,279.03,120.36,925.27,219.76,458.59,510.25,417.12,407.92,229.21,168.66,258.84,427.4,236,124.07,71.23,107.06,203.46,190.35,569.77,315.49,779.48,285.61,180.48,492.97,398.94,275.96,384.45,325.43,316.18,258.25,645.75,352.48,430.18,141.65,727.54,673.37,471.47,633.47,321.13,385.09,362.91,302.11,539.45,1018.22,348.75,240.42,698.7,188.5,248.77,762.67,534.16,3122.26,1418.91,1843.01,220.59,97.44,1283.2,652.65,123.5,151.25,290.21,590.01,252.55,729.23,319.85,650.17,3531.4,260.56,548.69,148.11,493.7,497.69,375.37,577.69,239.01,289.87,610.98,282.84
FAM92B,24.55,32.97,35.83,52.67,34.93,35.69,200.5,29.89,36.06,26.08,64.01,33.51,43.14,308.74,38.3,176.49,34.88,224.41,28.8,30.15,32.42,26.59,14.79,38.75,39.07,29.08,39.81,44.8,49.82,30.69,35.83,33.86,31.14,25.96,33.41,25.42,36.17,42.43,42.76,159.05,25.77,475.99,199.59,34.78,33.57,125.03,19.07,43.01,17.4,41.63,43.9,16.34,13.15,312.17,19.55,13.63,74.78,32.23,45.08,28.95,34.74,25.72,28.63,34.29,39.29,47.99,32.5,36.96,27.52,25.99,52.02,28.97,47.34,39.38,30.84,35.59,36.26,38,30.84,25.26,26.18,451.33,25.77,28.44,32.51,24.04,25.22,8.91,23.72,23.34,25.86,27.68,23.44,32.67,48.99,41.6,27.08,9.07,34.69,47.14,39.52,25.6,34.68,34.65,29.63,31.3,14.37,36.3,38.36,25.64,166.18,31.42,37.96,29.84,61.3,48.83,38.22,37.51,37.89,27.54,40.1,32.46,33.25,93.89,107.93,24.25,42.64,33.54,27.55,31.36,25.79,29.41,26.47,38.28,30.76,28.87,25.77,35.62,29.89,28.1,32.41,32.08,43.14,30.82,27.73,30.41,34.96,49.92,34.64,33.76
FEN1,402.24,307.8,436.11,117.73,474.9,202.39,129.95,308.17,343.72,331.67,191.05,335.56,445.84,34.93,302.93,102.63,228.92,71.85,247.5,300.62,400.8,319.2,119.85,197.56,444.66,411.35,114.83,939.19,242.74,194.71,529.14,289.46,456.69,235.59,527.47,319.83,98.69,519.98,294.46,109.6,331.58,153,182.89,548.75,273.54,116.1,398.71,288.33,927.74,593.42,153.13,186.09,198.56,147.87,540.89,245.95,627.34,121.62,299.7,507.15,265.78,575.02,158.31,1355.13,154.93,420.46,82.08,415.39,464.03,169.79,322.98,506.92,372.87,572.8,170.31,443.32,388.04,377.19,671.24,738.07,634.32,688.87,457.02,433.52,144.14,858.36,239.8,286.11,320.3,511.68,186.05,383.36,236.11,305.73,351.95,424.88,412.66,383.95,505.52,384.09,227.96,334.26,265.68,375.16,183.97,336.11,245.09,397.49,277.78,673.64,113.41,322.01,273.44,385.35,460.98,387.97,323.37,656.45,229.97,155.85,456.3,85.83,1251.64,61.8,298.34,94.51,180.78,1194.47,521.51,426.08,248.33,132.44,26.47,110.92,160.05,500.12,125.16,35.62,81.47,217.75,185.18,286.77,313.73,158.73,469.21,387.39,231.54,248.71,177.47,193.78
GINS2,131.29,105.47,111.02,57.83,236.03,65.05,46.04,165.06,202,118.87,50.23,422.67,290.77,34.93,214.07,38.87,59.44,37.4,74.46,52.4,171.1,147.72,52.01,78.72,109.97,110.61,54.92,506.39,49.82,62.63,84.23,93.04,77.02,97.01,197.8,82.81,36.17,118.85,144.99,42.77,66,64.36,80.44,123.07,85.88,28.8,83.72,77.26,150.7,314.26,95.3,20.47,50.28,51.02,129.4,50.94,182.8,144.22,112.55,195.21,48.45,137.29,28.63,650.89,124.89,148.27,32.5,173.44,133.53,106.12,98.94,154.84,191.83,199.85,58.46,107.5,120.3,61.03,173.8,130.15,338.86,167.47,130.77,80.83,32.51,343.71,156.7,77.53,136.98,164.16,25.86,90.82,94.86,101.39,113.45,181.12,67.55,268.76,1147.1,101.52,73.4,88.1,57.81,254.57,141.09,54.09,141.9,86.3,110.54,242.4,48.28,105.12,64.34,41.62,266.45,83.36,110.52,158.89,90.23,96.48,176.79,32.46,371.49,35.61,129.76,55.13,132.35,262.47,108.81,96.38,138.11,36.91,26.47,38.28,115.36,623.06,25.77,35.62,57.43,51.18,42.87,92.65,102.24,122.89,157.19,223.15,196.68,174.27,164.53,48.29
HLA-DQA2,24.55,32.97,35.83,38.78,34.93,35.69,23.42,29.89,72.97,26.08,35.96,33.51,43.14,34.93,38.3,38.2,34.88,31.77,28.8,30.15,32.42,33.02,115.32,52.23,39.07,29.08,39.81,37.34,49.82,30.69,35.83,33.86,31.14,25.96,33.41,25.42,36.17,42.43,42.76,30.34,25.77,78.93,76.65,34.78,33.57,28.8,16.91,26.39,37.67,25.55,20.35,16.34,13.64,19.16,19.55,13.63,30.24,32.23,45.08,28.95,34.74,25.72,28.63,34.29,39.29,47.99,32.5,36.96,27.52,25.99,52.02,28.97,47.34,39.38,68.63,35.59,36.26,53.71,30.84,25.26,26.18,71.26,25.77,39.19,32.51,24.04,25.22,8.91,23.72,23.34,25.86,27.68,23.44,32.67,26.9,41.6,27.08,9.07,34.69,47.14,35.9,25.6,65.19,34.65,29.63,31.3,14.37,36.3,59.52,25.64,36.04,31.42,37.96,29.84,37.64,48.83,38.22,37.51,75.86,27.54,40.1,32.46,33.25,35.61,34.67,24.25,42.64,33.54,45.12,31.36,25.79,29.41,26.47,38.28,30.76,28.87,25.77,35.62,29.89,28.1,179.18,32.08,43.14,30.82,27.73,30.41,34.96,41.51,34.64,33.76
IL1B,86.59,36.72,35.83,53.7,34.93,50.6,27.48,29.89,40.19,97.78,35.96,52.83,164.31,34.93,72.7,38.2,48.19,31.77,53.48,30.15,32.42,82.26,54.27,71.91,39.07,95.63,39.81,58.4,115.67,138.88,37.65,167.99,61.62,25.96,33.41,149.92,36.17,42.43,42.76,64.15,47.14,74.07,103.21,72.4,33.57,28.8,16.91,58.14,41.21,97.95,20.35,16.34,25.57,72.64,54.35,77.13,58.16,51.66,45.08,28.95,34.74,119.38,38.88,64.02,39.29,91.08,64.98,36.96,27.52,30.77,80.95,65.44,47.34,63.15,113.12,135.09,58.79,47.61,39.55,41.27,102.8,32.99,25.77,80.83,32.51,24.04,33.24,25.84,70.51,45.4,25.86,27.68,26.81,86.69,26.9,137.54,136.15,158.38,137.3,82.34,72.69,38.87,61.5,43.29,51.18,77.27,165.12,54.92,120.94,62.94,386.25,44.26,56.3,138.3,37.64,250.85,40.93,37.51,198.83,139.52,40.1,32.46,69.2,76.07,297.12,104.36,42.64,57.37,69,38.04,25.79,29.41,26.47,38.28,72.75,240.28,25.77,425.34,45.41,51.18,180.9,32.08,147.76,491.55,72.73,100.81,88.38,101.59,34.64,39.51
IL1RN,97.77,71.87,35.83,57.83,34.93,109.63,23.42,29.89,36.06,55.6,35.96,58.54,84,34.93,38.3,38.2,115.66,31.77,32.51,30.15,32.42,34.76,287.18,38.75,39.07,63.37,41.37,37.34,115.67,92.59,40.63,73.66,51.65,25.96,34.44,79.96,36.17,42.43,42.76,30.34,25.77,45.92,34.21,62.26,60.43,28.8,16.91,27.88,17.4,66.12,18.2,51.17,29.83,29.4,112.58,37.84,41.55,32.23,61.27,41.26,34.74,69.64,28.63,80.62,39.29,52.95,32.5,36.96,27.52,25.99,70.32,66.36,47.34,45.32,30.84,35.59,67.84,38,71.92,53.97,50.26,55.82,25.77,91.85,32.51,24.04,25.22,16.61,45.33,48.9,25.86,118.55,43.3,32.67,105.71,130.73,63.32,95.99,86.13,47.14,35.9,25.6,82.41,47.41,29.63,31.3,51.6,66.68,38.36,81.69,36.04,40.94,44.23,29.84,37.64,115.3,119.52,57.49,78.25,166.24,55.2,32.46,33.25,35.61,65.49,51.19,60.26,40.08,38.48,60.02,25.79,34.01,26.47,38.28,32.22,83.82,25.77,35.62,29.89,28.1,166.32,32.08,43.14,138.25,220.53,58.9,69.71,41.51,80.42,33.76
KRT23,298.89,846.85,35.83,2290.65,34.93,98.79,4197.85,208.96,182.96,807.14,41.36,1489.32,958.15,2532.68,360.48,1637.4,2226.53,3341.54,1491.27,1420.34,474.22,848.68,1225.6,192.26,2404.99,127.9,39.81,37.34,84.72,185.18,1350.6,124.05,934.23,304.88,43.3,1020.87,2869.99,789.52,42.76,2020.87,1609.18,1837.17,2340.43,1104.75,139.95,2409.46,92.01,641.18,2178.08,408.95,1993.86,1728.74,80.11,3035.2,1326.34,2239.78,272.12,32.23,693.3,860.34,318.27,244.73,187.01,262.01,146.71,675.7,802.57,52.03,191.7,177.22,748.98,496.78,47.34,60.18,381.29,35.59,894.56,637.2,1226.2,509.5,26.18,795.77,3232.82,2444.37,3002.99,24.04,639.86,247.34,108.78,23.34,1244.19,64.05,61.86,315.79,130.21,1450.32,303.96,52.79,459.34,234.63,1534.34,463.82,1937.25,721.45,2635.05,1052.1,399.89,303.34,689.72,273.21,2722.86,506.81,818.31,2598.12,37.64,267.21,67.13,37.51,231.57,43.04,76.17,299.18,993.05,304.26,191.61,372.15,75.32,33.54,335.73,161.47,363.87,29.41,243.15,197.06,1833.34,282.19,757.91,431.42,80.14,2523.69,103.74,640.35,443.98,187.4,565.4,357.94,72.2,150.63,1068.52,45.15
LAMC2,3459.58,239.84,719.98,5749.33,333.72,798.73,1229.73,541.71,1402.36,753.46,869.58,2600.25,2331.68,2456.8,819.92,944.65,670.69,2052.17,1672.7,1798.87,633.87,976.12,976.86,604.03,951.48,326.08,758.91,207.2,1850.7,976.27,1937.21,1015.68,1345.61,575.12,1181.89,1008.02,2112.86,1172.61,1783.19,1857.81,3842.22,2043.59,1692.33,1151.08,1372.45,1675.37,851.31,999.6,1000.74,642.39,2860.15,893.22,677.51,2560.47,2587.98,1874.49,887,786.74,475.52,593.68,423.91,549.15,273.11,1836.48,252.95,661.93,1161.68,408.45,3081.67,371.41,2413.73,1228.6,484.15,245.91,512.2,1014.12,359.09,1134.02,1107.54,522.2,78.43,1156.83,1942.66,925.82,3720.88,559.68,661.23,664.5,1877.5,502.94,1253.49,880.49,1713.62,248.45,872.77,5060.45,588.92,388.75,1668.85,255.49,924.56,320.44,3554.7,863.68,1121.8,1486.07,629.5,1491.88,330.69,459.36,1421.5,1549.21,696.67,453.83,511.66,1671.84,619.72,1288.87,1892.47,1557.01,468.88,389.92,2469.28,323.28,341.99,667.5,1007.19,765.4,2602.22,396.49,703.83,954.55,549.05,538.09,1186.89,1757.41,1661.84,1458.32,1141.96,3080.17,1675.23,3221.94,1191.19,731.18,4340.2,2709.48,476.77,1298.72,4535.68,1055.47
LDLR,69.83,463.27,36.56,992.48,75.59,244.56,898.53,214.23,51.82,222.39,109.31,444.08,285.23,1064.88,146.41,420.62,569.48,485.24,372.29,382.67,292.35,373.07,126.63,242.22,756.64,585.33,141.23,182.4,175.95,148.41,227.91,133.1,318.96,45.73,237.16,138.5,1100.11,264.23,306.42,450.42,914.59,505.13,239.05,399.62,1113.23,300.07,195.63,653.13,551,129.78,170.26,152.59,92.89,630.39,665.11,170.28,344.83,164.67,69.93,156.97,35.66,145.25,28.63,1091.93,201.1,279.6,296.41,64.17,427.02,286.52,443.17,287.56,105.47,142.64,180.48,35.59,159.19,252.68,210.96,485.7,90.62,188.85,483.98,231.46,255.78,92.82,263.54,81.22,159.14,227.02,25.86,56.4,181.47,271.67,176.62,626.43,329.29,155.98,317.04,105.47,133.39,42.32,1254.6,170.06,445.4,127.49,276.05,211.82,278.72,241.07,133.62,445.95,326.72,370.58,105.44,401.99,139.17,59.58,206.81,388.88,150.24,377.66,625.21,275.74,357.76,356.39,42.64,609.02,587.85,421.01,74.37,30.4,368.65,105.02,164.21,2235.18,1399.94,407.12,785.35,602.08,101.17,695.82,460.79,261.13,3659.84,433.83,414.53,211.05,724.67,75.26
LRG1,71.23,337.49,35.83,303.63,34.93,368.64,201.24,38.63,36.06,195.55,77.8,813.92,88.61,261.64,252.44,148.5,131.73,245.08,144.72,480.57,37.05,56.19,45.23,38.75,135.07,51.85,63.48,152.8,236.23,132.08,35.83,208.05,323.49,25.96,33.41,254.15,223.26,271.66,101.64,539.97,105.29,320.56,330.88,34.78,120.86,389.37,16.91,334.53,220.16,315.08,72.82,277.27,156.81,303.52,40.11,225.58,156.83,32.23,152.51,28.95,65.27,69.64,28.63,488.46,100.23,57.19,181.26,61.57,294.81,33.96,298.45,28.97,47.34,173.1,77.53,60.89,182.71,172.12,75.51,190.47,26.18,1452.57,25.77,162.88,384.38,50.55,32.05,103.37,54.39,391.18,25.86,89.87,159.81,376.94,26.9,382.67,64.38,117.58,143.54,61.48,40.23,68.23,656.82,371.03,29.63,182.86,180.6,496.86,208.81,25.64,286.32,1141.99,126.67,132.93,37.64,314.74,169.46,37.51,128.56,388.88,195.66,32.46,126.26,73.69,116.42,53.16,46.27,877.78,86.25,85.39,62.41,29.41,26.47,38.28,104.97,181.61,71.85,35.62,165.62,70.72,366.94,32.08,162.47,74.76,403.52,197.09,92.12,360.8,204.28,74
LRRC46,24.55,32.97,35.83,83.65,34.93,35.69,568.82,44.78,36.06,26.08,125.07,33.51,43.14,1834.1,52.51,252.68,36.95,584.65,34.61,67.57,32.42,36.5,14.79,38.75,39.07,29.08,39.81,37.34,49.82,30.69,78.28,33.86,31.14,25.96,33.41,47.12,258.85,42.43,42.76,419.68,47.14,931.33,611.67,34.78,33.57,410.81,31.5,139.39,69.46,66.12,54.61,16.34,29.83,574.18,19.55,24.74,93.48,100.09,45.08,28.95,34.74,25.72,28.63,65.21,39.29,47.99,120.84,36.96,27.52,36.08,52.02,28.97,63.11,39.38,30.84,35.59,36.26,38,30.84,85.71,26.18,329,25.77,28.44,32.51,24.04,25.22,25.84,23.72,23.34,25.86,27.68,23.44,32.67,266.86,41.6,27.08,9.07,89.87,47.14,63.52,25.6,34.68,34.65,45.65,31.3,14.37,36.3,38.36,42.86,458.11,31.42,37.96,29.84,84.19,48.83,38.22,39.72,37.89,27.54,94.34,32.46,33.25,207.99,81.25,24.25,42.64,33.54,27.55,31.36,46.48,29.41,26.47,49.56,69.63,28.87,25.77,35.62,29.89,28.1,32.41,32.08,43.14,32.77,27.73,30.41,34.96,139.24,43.44,33.76
LTBP4,428.78,147.65,466.03,455.44,129.07,439.72,100.25,756.81,784.73,243.48,299.38,131.37,179.08,2161.15,141.37,285.34,326.11,268.7,130.04,92.39,135.4,78.79,364.06,261.9,87.26,182.05,458.63,144.8,633.74,243.73,89.18,478.12,105.11,1906.9,556.01,401.21,317.09,113.55,476.81,114.94,227.86,678.77,101.69,79.63,462.78,525.12,464.2,383.11,60.04,158.35,246.29,126.54,59.65,147,77.64,68.4,379.1,2137.44,178.49,437.72,77.38,298.45,535.11,34.29,70.83,185.34,394.45,564.55,148.07,78.53,171.71,267.29,768.99,388.55,634.22,150.31,233.36,112.3,282.88,68.25,1059.23,125.9,84.93,375.96,192.19,562.44,39.18,116.29,116.84,571.05,413.96,4306.85,144.35,105.26,568.53,641.41,306.07,343.15,71.15,140.44,172.21,35.41,709.71,191.7,326.44,86.28,157.38,397.49,84.09,52.23,200.99,298.78,117.62,95.33,542.71,199.44,117.89,174.57,243.55,145.46,104.12,573.84,76.48,1748.33,670.65,1390.13,552.02,33.54,282.65,325.48,1143.39,1441.59,705.92,1044.31,487.43,402.33,317.54,589.41,1738.99,68.86,937.92,310.72,126.75,403.48,532.55,172.17,280.09,410.72,256.96,1298.8
MAD2L1,325.43,250.77,479.32,179.7,492.02,239.74,154.46,575.95,363.81,408.36,322.03,211.33,662.76,96.81,203.97,138.39,609.65,166.34,663.83,477.81,427.75,480.24,117.59,250.54,393.26,329.54,384.45,992.79,314.42,242.36,705.52,351.48,280.9,336.76,601.28,205.6,113.25,533.77,615.82,137.67,190.15,194.28,188.21,463.33,227.42,169.68,269.4,298.69,498.01,458.74,122.07,265.17,534.33,220.51,283.38,224.12,371.83,327.18,289.04,621.86,191.1,656.59,150.91,347.38,539.1,548.61,85.5,1058.85,260.44,313.05,849.55,474.66,365.39,785.28,200.81,538.45,755.27,310.06,274.49,407.92,530,1932.41,1562.49,471.48,98.92,880.41,552.02,537.14,213.54,778.87,183.72,268.64,621.73,438.86,428.01,208.36,664.91,681.51,939.9,486.17,203.97,483.68,293.97,427.72,262.81,280.73,348.29,351.72,256.99,344.19,135.86,625.22,409.15,150.38,299.96,264.88,112.97,1221.97,681.13,93.51,338.91,32.46,369.06,116.48,326.23,98.45,252.87,776.4,595.82,273.06,297.47,254.02,26.47,184.08,206.82,846.57,217.87,35.62,118.87,190.77,306.92,444.34,306.03,230.41,293.26,347.75,417.02,332.78,360.49,370.01
MCM2,498.62,721.07,1039.75,204.49,914.87,715.6,92.08,976.3,1631.86,276.08,623.38,1159.47,752.3,201.46,735.1,111.96,844.99,149.61,317.76,491.6,533.5,684.16,122.11,340.62,455.42,509.28,550.64,1083.18,404.03,362.19,342.85,364.4,351.58,304.88,1256.68,623.95,186.05,474.35,967.08,185.78,287.58,177.28,286.1,705.13,413.48,192.9,430.21,369.57,718.18,1070.11,202.38,147.01,320.43,177.27,394.67,238.68,865.18,599.47,568.09,466.9,298.76,489.46,313.85,1403.74,871.74,571.91,161.88,602.7,745.63,233.46,515.94,820.29,638.61,1095.83,577.02,560.33,400.7,378.41,348.8,665.05,1742.29,394.32,551.39,296.36,165.34,1310.51,491.47,529.76,491.53,848.72,386.05,560.23,780.51,397.06,559.5,834.78,833.77,525.53,1065.96,664.96,366.29,627.92,316.11,393.71,413.59,417.23,575.33,324.26,443.12,857.12,159.44,471.4,382.01,214.83,675.94,227.48,392.95,604.19,459.94,377.01,540.16,608.18,853.44,82.01,548.16,222.5,494.99,795.26,459.14,315.33,228.41,629.61,266.68,556.97,435.47,1276.84,245.68,425.34,152.26,357.34,364.37,412.83,460.09,284.69,891.5,739.67,941.1,612.14,246.8,513
MCM4,507,714.04,448.08,268.52,849.27,646.93,274.76,710.28,1559.94,703.61,813.45,823.91,1464.91,253.79,693.7,171.05,1147.8,246.06,695.3,988.04,967.31,614.64,178.64,442.8,757.84,739.73,487.87,1666.38,623.96,540.56,1126.65,719.76,541.87,455.94,968.34,932.35,187.67,635.65,672.62,276.67,523.3,299.92,433.33,871.64,836.51,387.59,566.99,955,1149.08,1585.17,538.62,283.78,507.92,369.24,1551.49,282.34,933.73,390.68,791.2,645,392.28,777.96,245.34,4052.34,582.42,820.79,264.48,600.97,1187.19,488.14,1148.81,1343.81,477.5,1017.82,705.39,566.99,1020.29,1934.79,647.26,865.05,2675.12,756.57,626.88,858.47,152.62,1066.97,1149.14,688.5,830.97,1325.47,332.56,340.34,815.57,487.62,876.64,1028.16,1346.7,1507,1261.93,888.31,590.02,1860.45,429.27,565.83,1045.72,533.13,768.82,713.9,459.19,743.28,225.69,1010.3,923.86,341.05,880.28,545.33,715.5,2252.64,687.52,472,1096.39,873.03,2227.7,185.41,801.62,230.38,346.49,1856.93,716.57,547.82,613.52,442.18,266.68,455.49,346.09,1765.79,468.19,698.78,332.57,872.87,333.5,882.38,1097.35,502.81,1592.97,813.3,921.18,869.61,489.89,528.05
MCM6,532.14,449.99,719.32,251.99,976.19,532.49,141.09,559.27,1344.19,584.74,586.95,1173.75,653.53,183.15,964.32,143.84,685.15,148.62,246.45,404.73,1190.28,531.8,407.03,229.35,242.65,934.46,316.69,1210.38,521.32,238.28,457.8,315.3,324.4,368.63,814.82,621.09,168.25,521.04,331.83,184.44,303.29,168.78,176.06,812.27,300.57,221.48,343.18,403.82,984.26,1274.18,216.3,198.18,360.48,185.92,496.89,266.33,573.33,193.73,283.05,596.7,363.35,610.83,252.74,1209.3,308.29,550.73,169.86,682.48,974.34,362.92,920.68,733.66,487.47,795.68,308.85,355.8,580.7,432.12,582.54,1158.69,1762.09,397.88,424.66,330.65,197.84,1234.23,864.23,419.01,584.2,1163.06,241.86,420.65,426.86,532.51,617.52,663.2,605.8,587.92,1179.55,365.47,403.7,579.56,327.18,461.73,474.45,245.96,528.89,375.26,317.46,842.39,115.65,440.42,330.74,295.39,493.67,447.95,631.18,1244.96,429.6,326.54,369.65,201.09,824.31,274.55,373.53,303.23,304.52,1193.68,658.19,349.15,488.7,291.65,431.39,422.45,631.9,1176.26,310.58,735.24,356.61,409.45,310.35,315.77,525.92,362.52,1332.56,757.79,468.06,697.96,437.21,216.36
MFAP4,122.91,56.25,464.7,656.83,42.78,35.69,23.42,352.94,138.54,473.55,53.18,112.81,107.08,316.59,1428.81,421.4,34.88,31.77,28.8,30.15,82.85,72.99,1664.29,65.1,80.09,29.08,84.88,100,185.72,275.04,367.62,77.53,31.14,583.43,66.92,128.5,36.17,42.43,92.67,56.14,25.77,74.07,34.21,34.78,605.91,28.8,227.96,993.23,21.19,25.55,97.44,34.43,235.21,37.18,19.55,74.22,30.24,721.09,48.62,85.53,71.32,386,727.68,34.29,39.29,55.07,172.14,55.5,27.52,62.61,343.42,28.97,1565.38,39.38,208.44,50.42,92.26,38,143.84,90.47,1235.14,32.99,25.77,193.49,84.79,93.74,25.22,8.91,151.09,23.34,313.95,139.58,316.54,32.67,26.9,330.92,318.73,3357.16,184.73,177.66,100.92,25.6,91.02,90.7,853.45,31.3,265.73,67.99,64.25,25.64,43.79,146.07,256.35,29.84,1400.92,426.14,126.07,510.11,292.26,41.56,58,365.4,574.22,1717.42,418.4,2701.51,147.42,33.54,188.43,86.23,304.11,662.18,26.47,318.6,263.98,226.31,25.77,723.09,2484.27,28.85,72.02,32.08,149.86,317.46,525.52,163.11,34.96,41.51,145.12,746.92
MYH11,24.55,32.97,35.83,68.16,62.04,35.69,23.42,29.89,52.88,467.8,35.96,33.51,43.14,34.93,38.3,602.56,34.88,31.77,28.8,30.15,32.42,26.59,61.05,38.75,65.74,29.08,39.81,37.34,49.82,61.27,35.83,33.86,31.14,25.96,33.41,52.83,36.17,42.43,42.76,30.34,25.77,45.92,34.21,34.78,33.57,28.8,116.05,2966.95,27.08,25.55,16.41,23.26,13.15,22.48,28.47,34.93,30.24,32.23,45.08,28.95,34.74,25.72,28.63,34.29,39.29,47.99,43.32,36.96,27.52,25.99,52.02,28.97,75.57,39.38,190.65,35.59,59.7,38,30.84,25.26,36.55,32.99,25.77,28.44,32.51,24.04,25.22,8.91,23.72,23.34,25.86,27.68,291.79,32.67,26.9,41.6,27.08,9.07,34.69,66.55,35.9,25.6,34.68,34.65,29.63,31.3,456.65,81.07,38.36,25.64,106.67,31.42,37.96,29.84,37.64,48.83,44.21,142.16,82.25,27.54,40.1,32.46,33.25,143.81,368.67,3370.98,42.64,33.54,207.01,227.41,25.79,29.41,26.47,112.1,30.76,28.87,25.77,1142.35,9549.75,47.46,32.41,32.08,43.14,30.82,27.73,54.37,34.96,43.79,125.71,33.76
NUSAP1,434.37,243.74,241.99,69.19,228.18,310.82,62.38,179.98,286.61,266.49,288.55,324.14,241.84,91.57,177.72,48.98,421.69,62.01,134.24,253.04,317.27,200.44,76.88,130.95,106.38,253.49,221.82,259.2,133.59,84.42,189.26,231.31,105.11,173.23,260.78,305.55,63.09,374.6,131.53,57.47,69.14,45.92,120.66,308.4,375.32,60.73,168.27,194.34,307.29,408.95,70.67,106.07,128.68,61.4,295.03,78.59,532.82,110.85,247.08,432.68,113.04,465.58,101.84,316.55,164.73,281.72,32.5,300.92,438.92,152.81,261.65,175.12,260.76,414.56,94.05,216.9,314.77,247.8,203.77,314.27,413.49,471.52,195.48,145.73,32.51,510.05,387,540.83,131.95,169.39,25.86,294.45,378.4,152.48,355.81,238.32,292.35,388.75,187.23,216.58,144.68,137.33,97.17,370,343.04,160.97,415.37,422.33,308.01,374.99,50.53,360.74,167.88,181.26,176.55,202.55,233.32,233.1,295.45,218.19,266.24,218.26,708.98,58.24,214.66,120.11,147.42,319.83,213.64,180.92,150.06,78.88,266.68,200.6,126.8,407.92,118.21,279.51,76.13,84.68,106.31,281.73,387.96,230.41,563.05,344.35,542.75,591.12,160.83,52.68
PIGR,24.55,412.49,35.83,96.05,34.93,393.94,623.03,29.89,36.06,26.08,198.93,823.91,43.14,34.93,65.63,38.2,178.32,67.91,176.18,18221.78,46.48,98.48,156.03,1161.12,180.49,1295.1,116.26,37.34,118.93,30.69,35.83,33.86,37604.69,98.39,33.41,89.95,485.34,1268.11,42.76,932.92,56.57,166.35,94.1,34.78,33.57,1093.1,16.91,70.09,150.7,769.73,129.57,210.28,13.15,143.55,1437.62,321.63,230.58,32.23,817.84,503.12,34.74,25.72,28.63,34.29,198.25,100.61,100.32,36.96,27.52,33.96,52.02,1941.05,47.34,39.38,321.56,35.59,630.45,692.13,197.77,3520.5,26.18,6423.15,25.77,99.2,32.51,24.04,54.61,51.68,144.04,1295.78,25.86,128.11,39.18,965.18,2097.49,92.6,27.08,146.38,34.69,47.14,581.55,25.6,9712.07,735.88,29.63,31.3,14.37,36.3,124.72,46.87,778.12,2226.43,37.96,6397.96,37.64,833.58,272.61,37.51,44.72,225.61,40.1,32.46,33.25,65.37,44.87,24.25,42.64,161.1,110.14,31.36,191.23,29.41,26.47,38.28,30.76,4034.49,25.77,35.62,868.16,28.1,1684.66,32.08,2837.57,35.84,1170.68,308.1,2141.12,394.08,34.64,33.76
PRC1,115.92,144.53,151.58,47.51,206.79,119.27,31.19,174.72,149.12,178.3,144.77,227.04,288,34.93,106.02,38.2,244.98,31.77,164.65,283.38,173.79,133.82,92.71,77.21,136.27,153.25,149.78,234.4,92.86,78.97,142.69,96.92,101.49,112.25,282.43,228.45,36.17,323.66,95.66,30.34,133.57,45.92,36.43,422.79,151.08,28.8,101.96,124.25,247.24,281.61,62.11,105.14,158.51,36.32,111.28,106.24,393.64,104.4,159.84,254.58,133.9,149.23,96.28,468.31,146.08,259.48,32.5,206.39,345.05,316.23,314.8,210.14,154.46,279.34,64.82,427.15,229.75,156.25,123.46,203.17,162.2,207.85,208.96,211.86,32.51,317.06,198.25,278.72,233.68,178.13,25.86,142.45,312.41,318.89,184.35,254.66,459.1,352.75,205.95,167.51,85.4,111.42,102.09,332.9,266.96,127.49,466.97,209.2,111.49,424.54,36.04,255.62,127.67,124.87,126.69,165.94,146.54,414.99,219.59,151.4,169.1,32.46,349.63,35.61,143.1,61.04,82.86,397.63,242.84,180.92,69.05,65.13,26.47,120.36,150.7,176.02,85.76,236.98,46.75,63.28,73.73,204.84,245.1,157.7,201.76,207.29,212.87,685.7,97.98,41.39
PTGS1,1363.16,2238.21,1435.31,982.15,384.34,1342.06,469.32,1554.01,2118.35,1338.2,890.27,1417.93,3546.44,824.17,872.43,552.8,1220.09,593.51,3937.91,1083.87,1246.19,1812.63,694.21,844.73,2853.24,4886.6,883.02,554.39,11661.38,2554.36,1084.04,1076.41,4653.92,1855.63,1820.56,2001.77,469.16,7064.29,2603.78,609.47,1005.74,1426.75,959.24,1972.04,965.33,1575.35,126,1099.16,931.28,1550.89,804.18,688.52,656.2,668.44,1643.37,1289.44,1704.4,1300.12,1884.1,2771.19,662.78,947.08,1141.51,2330.87,920.11,3130.67,1470.62,2277.26,3484.89,2542.56,1237.94,5377.99,47.34,414.56,2727.51,4742.38,3120.57,2203.35,3978.27,1034.88,267.28,640.18,3019.82,1822.25,411.23,862.03,3059.24,884.16,1423.23,2409.94,2527.92,2050.65,475.32,1119.98,6809.43,2501.63,987.86,1823.76,3009.41,1281.98,2356.56,2315.63,2014.74,863.68,2098.36,542.15,1375.11,5775.3,1862.26,1177.2,2209.73,1425.27,2270.96,7425.12,42.5,621.68,2561.57,959.59,1125.9,1623.81,746.3,578.75,955.42,213.94,3187.09,313.08,564.93,33.54,877.14,1087.18,2375.75,1003.76,1717.74,534.55,429.23,2654.27,1297.95,765.62,134.9,132.14,1125.68,1240.37,1770.33,469.02,1984.76,3659.83,9968.67,2177.96,1089.78,2497.88
RGS16,71.23,47.65,55.18,516.38,39.93,35.69,23.42,58.82,92.01,506.14,39.39,168.49,174.46,34.93,142.38,38.2,59.44,31.77,32.51,30.15,68.04,39.97,198.99,75.69,87.26,62.22,104.85,100,49.82,127.99,84.23,239.06,39.87,45.73,33.41,49.97,36.17,54.12,42.76,30.34,25.77,70.43,34.21,34.78,33.57,28.8,85.38,50.18,21.19,37.55,214.16,16.34,103.97,19.16,31.06,32.02,30.24,41.97,45.08,50.31,34.99,149.23,28.63,34.29,39.29,47.99,32.5,105.8,51.56,25.99,174.16,30.42,183.53,39.38,47.03,35.59,44.32,38,169.01,71.43,94.42,169.84,59.32,105.32,32.51,51.46,70.04,29.53,57.41,55.88,25.86,27.68,57.74,32.67,26.9,61.28,127.7,31.2,180.99,188.38,57.17,25.6,34.68,52.56,197.8,45.07,92.88,36.3,76.53,56.25,61.76,80.78,104.55,72.51,86.64,61.54,363.48,84.67,480.7,27.54,40.1,206,98.33,55.86,115.21,643.87,63.49,33.54,43.79,310.26,38.51,29.41,26.47,67.26,89.38,81.03,69.53,35.62,532.92,33.5,52.3,32.08,86.14,1287.24,121.99,72.49,34.96,87.57,373.43,130.44
SERPINF1,1412.05,915.6,163.54,2950.57,339.42,148.18,92.08,741.01,886.26,11735.14,55.15,1005.26,1885.83,837.25,3021.2,1640.51,1128.53,87.6,205.55,47.57,216.9,776.26,11781.16,608.57,610.81,119.83,905.84,1265.58,345.38,1275.82,929.46,1079,81.55,760.82,104.31,802.42,116.48,1190.65,106.12,284.69,722.87,669.05,316.46,1549.26,491.41,401.87,1824.47,5223.42,737.01,138.76,772.06,459.63,349.41,286.23,491.72,459.89,231.62,1090.25,188.48,690.28,94.87,4265.86,155.53,305.88,97.7,610.04,519.85,252.35,107.08,288.64,1333.6,104.15,213.42,181.28,788,534.65,605.12,898.43,1778.77,1104.72,637.37,188.85,93.02,2187.19,148.38,1156.12,73.6,107.06,377.72,220.04,306.98,156.79,2433.3,428.02,114.74,268.27,1041.69,1315.03,1415.46,2773.77,496.15,86.37,736.77,857.5,2632.29,68.25,2027.83,529.54,1250.95,890.6,392.99,1697.49,2736.41,566.62,1804.69,2445.44,1866.53,642.87,4679.28,157.33,163.51,1594.01,1994.61,763.04,875.6,10378.75,606.9,80.16,3695.66,4167.81,167.32,69.47,352.96,1105.68,840.8,1179.06,254.96,1901.9,24970.93,532.28,1500.33,158.83,2127.48,6962.57,1977.72,1727.4,266.4,460.64,4392.41,388.2
SFRP4,24.55,100.78,35.83,929.48,69.17,35.69,23.42,337.14,291.89,1518.42,35.96,355.55,260.31,1043.95,600.81,1239.32,34.88,31.77,55.58,30.15,58.6,47.5,4156.19,149.11,135.07,29.08,39.81,75.2,109.15,216.49,179.35,33.86,31.14,203.72,38.38,89.95,36.17,76.41,42.76,30.34,25.77,245.28,34.91,123.07,33.57,28.8,142.58,595.78,28.26,39.18,51.4,94.9,36.64,25.08,173.39,171.73,44.66,32.23,93.91,84.52,34.74,439.72,28.63,34.29,39.29,47.99,92.34,56.37,27.52,53.06,82.58,36.87,48.17,39.38,210.98,35.59,451.35,63.48,382.36,190.47,53.3,32.99,25.77,210.64,32.51,24.04,25.22,8.91,23.72,61.12,25.86,43.02,383.55,140.09,26.9,59.92,197.36,163.18,63.66,892.82,117.16,25.6,264.45,78.33,329.21,31.3,957.16,139.9,149.28,25.64,136.99,289.92,685.61,41.62,37.64,230.6,267.7,100.35,848.82,27.54,40.1,625.34,98.33,961.52,335.93,5556.6,94.69,33.54,492.31,586.71,25.79,32.57,674.54,830.73,603.84,150.87,25.77,2114.57,5564.23,38.15,54.01,62.4,777.32,507.93,943.11,428.17,75.94,125.23,535.19,65.85
SLC25A25,83.8,161.71,73.79,234.43,78.44,59.03,389.86,53.56,86.72,304.83,100.45,228.47,277.84,546.83,112.08,146.17,161.45,144.69,751.93,107.56,94.98,101.38,318.84,81.75,530.72,798.49,155.49,198.4,164.54,164.75,111.97,294.62,80.65,157.98,75.77,88.52,80.89,67.92,153.95,69.5,95.86,188.21,132.81,66.6,65.2,69.66,92.84,205.5,136.57,131.42,271.99,73.5,76.7,229.15,119.05,61.12,171.38,350.86,45.08,252.57,39.7,89.54,28.63,345.01,39.29,133.45,389.89,216.8,88.58,98.69,449.71,455.31,101.31,57.21,238.94,102.74,270.45,146.48,98.29,642.83,103.56,176.97,141.55,112.67,72.07,79.04,223.18,191.97,55.4,66.36,25.86,125.24,134.04,108.36,170.17,324.11,507.65,141.58,376.96,95.88,375.47,120.06,201.72,83.48,237.92,177.71,139.32,146.44,69.92,346.87,522.12,125.04,102.54,147.7,141.4,174.51,86.78,173.52,110.19,77.18,93.64,100.55,313.21,603.77,219.51,267.79,96.85,183.89,173.84,193.6,167.32,244.61,26.47,92.04,97.69,265.43,324.49,279.51,960.32,87.47,67.73,83.2,133.05,168.97,276.83,240.14,103.32,330.15,323.52,37
SMC4,1145.28,609.36,1261.8,1298.17,1133.78,1114.36,394.31,1286.23,1324.1,1198.25,1503.8,488.35,2264.29,358.45,1441.93,269.79,2373.52,417.32,1342.35,1043.19,885.13,1437.25,601.49,835.64,2214.94,1370,3314.52,1523.18,1089.89,516.05,799.66,1050.57,568.15,1014.43,2369.68,1496.33,540.35,1551.45,2213.66,811.29,1379.74,928.9,475.07,904.94,1496.49,660.86,906.85,1397.85,1616.49,3290.33,616.79,450.33,614.44,600.12,1557.96,752.41,2960.12,506.92,1314.01,1463.08,566.56,1693.21,427.72,3975.28,890.39,1617.23,524.41,1795.1,3547.02,1119.53,1286.18,1485.75,1658.39,1292.71,809.61,2401.16,2073.15,1358.63,1227.4,1158.69,2250.97,2430.06,1224.1,1110.74,350.47,1711.2,1646.55,1186.88,883.35,1154.33,641.86,337.47,2268.33,1546.45,1482.55,1070.38,1596.83,1590.99,2262.99,1109.96,1137.7,918.13,849.93,1939.68,1651.58,679.94,2334.84,1799.14,1381.34,1794.6,494.04,1095.51,1007.3,761.31,846.77,715.17,890.7,2415.71,2073.74,727.3,2163.42,267.3,2241.05,232.95,1415.27,320.95,715.58,3230.56,1737.02,1024.62,1168.62,363.29,533.36,659.63,480.16,3162.77,463.55,911.45,406.03,781.67,1082.81,1362.64,1406.18,858.16,2336.67,1140.65,2350.26,839.83,847.61,649.71
SNTN,24.55,32.97,35.83,286.07,34.93,35.69,594.81,29.89,36.06,26.08,161.51,33.51,43.14,1054.41,38.3,345.98,34.88,801.18,28.8,31.03,32.42,26.59,58.79,38.75,39.07,29.08,39.81,37.34,49.82,30.69,85.22,33.86,31.14,25.96,33.41,25.42,160.16,42.43,42.76,593.43,25.77,2035.09,890.94,34.78,33.57,623.35,16.91,166.47,41.21,25.55,98.52,16.34,13.15,1014.33,19.55,13.63,55.05,79.64,45.08,28.95,34.74,25.72,28.63,34.29,39.29,47.99,193.8,36.96,27.52,25.99,52.02,28.97,47.34,39.38,69.9,35.59,36.26,38,30.84,65.08,26.18,837.34,25.77,28.44,32.51,24.04,25.22,8.91,23.72,23.34,25.86,27.68,23.44,32.67,211.42,41.6,27.08,9.07,63.66,47.14,78.34,25.6,34.68,34.65,29.63,31.3,14.37,36.3,38.36,25.64,791.59,31.42,37.96,29.84,37.64,48.83,38.22,37.51,37.89,27.54,40.1,32.46,33.25,379.14,73.98,24.25,42.64,33.54,27.55,31.36,50.46,29.41,26.47,38.28,30.76,28.87,25.77,35.62,29.89,28.1,32.41,32.08,43.14,30.82,27.73,30.41,34.96,156.76,53.61,33.76
SPARC,19969.77,10988.71,5358.98,13746.97,3230.2,867.4,1514.88,20075.71,16905.53,64946.84,1838.64,12140.2,22703.84,5261.59,35470.78,15594.16,7736.64,1671.26,2804.26,1059.05,4325.28,11961.42,60020.58,7520.04,6050.73,1713.36,6248.87,22239.67,9841.63,9706.85,13726.93,5073.22,810.09,8216.58,2344.09,7682.96,2967.06,11850.23,2044.76,2177.25,7257.01,7485.88,3427.16,2455.64,4149.15,2089.75,14044.54,11303.07,2591.33,772.18,5272.7,4217.65,4430.63,2105.62,4116.18,3398.23,1524.72,7571.45,2037.28,2140.28,1498.49,17823.49,2220.99,2942.63,1552.49,9335.88,3166.97,12682.76,3250.89,3485.94,30382.6,8948.57,8083.51,1639.66,6302.77,11173.37,9721.71,2200.91,11114.94,23253.09,6063,500.03,2220.38,24115.47,2766.99,4303.74,477.23,1373.3,345.48,2539.17,4553.51,4139.55,20084.02,1730.66,1567.64,4887.5,17150.36,7254.24,26169.79,41644.38,5142.23,2864.95,5888,17298.4,69326.15,2597.41,20082.24,6752.02,14235.72,9661.36,3189.96,5912.44,27383.16,6074.37,8626.22,65991.71,23027.13,4441.52,40553.23,1401.16,7370.73,8122.09,42763.27,41974.08,30660.6,31957.32,4518.36,1335.92,14664.52,39436.09,1621.46,3423.78,1772.64,9043.64,22406.4,13402.67,3309.78,65733.98,49051,2964.78,4505.28,2323.81,37152.42,72976.41,18862.26,16861.73,4002.16,2988.9,19040.25,2291.55
SPP1,3628.58,6471.67,1949.87,5187.52,645.33,4758.64,725.51,817.39,1574.75,14271.59,1143.36,2630.23,14406.36,816.32,1735.77,419.85,10164.78,589.57,1764.98,1172.82,3532.44,8113.7,65081.28,4203.96,3613.46,1146.47,2873.01,1511.18,5146.45,10395.82,2972.7,7543.92,3794,457.32,1980.96,10284.4,1182.62,10022.87,1100.1,1690.75,5775.12,1391.54,703.49,2995.71,7975.47,3431.12,209.72,2201.51,1293.9,4945.71,2969.37,2302.82,1199.06,1543.54,9961.13,5287.27,3164.73,474.63,2596.72,2218.77,4543.9,26613.86,776.75,5756.03,2098.55,2334.23,1328.12,5981.06,2072.95,1981.2,5720.35,3827.73,3090.9,677.56,1066.35,554.63,8696,712.88,10518.02,3714.15,4894.11,1994.17,2522.36,8134.01,1033.03,583.57,1367.57,2440.2,8834.52,2181.17,1200.01,3122.35,3386,7681.16,4973.64,17593.1,5792.07,3813.09,4221.42,1860.65,1896.4,1530.51,3273.03,5553.13,2085.91,664.48,3570.63,4524.01,5967.53,9745.73,2484.82,4039,2270.96,5310.37,152.84,14520.7,10110.39,2365.53,8010.67,4466.21,6716.67,3482.3,4882.72,178.28,5285.14,4274.76,2184.39,1586.6,1654.75,7267.88,1435.54,937.9,250.99,447.23,1417.61,3581.87,3078,4472.2,605.04,1320.47,1391.45,4040.66,5187.04,10608.22,9707.96,12296.85,9204.34,3202.58,11950.65,1180.27
SUSD2,24.55,351.55,35.83,211.71,34.93,397.56,233.92,50.92,36.06,199.39,53.18,471.21,150.46,355.83,81.79,86.3,34.88,244.1,847.36,87.56,160.32,26.59,52.01,146.09,252.21,89.87,39.81,108.8,120.56,185.18,146.65,71.07,67.05,25.96,52.16,2141.69,605.06,46.69,124.06,850.05,210.58,298.71,59.95,34.78,900.12,937.71,16.91,137.79,649.89,48.98,334.09,94.9,58.8,391.72,124.22,355.1,232.65,32.23,111.89,258.6,34.74,696.39,28.63,116.19,39.29,47.99,608.77,36.96,87.25,25.99,141.46,50.69,47.34,39.38,30.84,65.64,291.25,1506.33,30.84,50.79,26.18,119.96,41.79,140.83,79.14,24.04,42.74,129.21,32.23,23.34,141.86,27.68,42.27,32.67,26.9,213.8,62.27,151.18,72.4,47.14,74.11,49.23,544.89,333.93,597.56,109.46,105.78,99.37,198.41,1067.38,449.13,594.23,87.46,29.84,37.64,148.02,38.22,42.86,93.43,311.7,40.1,694.01,88.62,35.61,187.98,183.12,57.03,473.86,91.56,31.36,43.82,29.41,26.47,38.28,348.17,271.02,433.42,35.62,69.45,859.84,241.77,32.08,712.89,32.77,1182.41,172.17,113.28,363.43,55.46,33.76
TEKT1,24.55,32.97,35.83,265.42,34.93,35.69,681.7,31.61,36.06,26.08,203.86,33.51,43.14,784.92,38.3,448.61,34.88,512.8,47.19,50.33,32.42,26.59,52.01,38.75,39.07,29.08,65.62,37.34,49.82,30.69,43.6,33.86,31.14,52.66,33.41,25.42,131.04,42.43,42.76,471.8,25.77,1044.26,509.98,34.78,33.57,814.47,47.25,148.94,68.29,60.4,121,16.34,23.86,1022.11,19.55,13.63,146.45,170.05,45.08,28.95,34.74,25.72,28.63,34.29,39.29,47.99,132.24,36.96,27.52,89.14,52.02,28.97,47.34,39.38,64.82,35.59,36.26,38,30.84,104.76,26.18,325.43,25.77,28.44,32.51,24.04,25.22,79.37,23.72,23.34,25.86,27.68,23.44,42.57,197.24,41.6,27.08,9.07,124.82,47.14,153.15,36.28,34.68,34.65,29.63,31.3,14.37,36.3,38.36,25.64,640.01,31.42,37.96,29.84,37.64,48.83,38.22,67.95,37.89,27.54,42.63,32.46,46.13,241.27,123.7,24.25,42.64,33.54,27.55,31.36,59.76,29.41,26.47,38.28,30.76,28.87,25.77,35.62,29.89,28.1,32.41,32.08,43.14,30.82,27.73,30.41,34.96,132.24,87.81,33.76
TIMP3,529.34,1017.15,257.28,5813.36,484.17,136.13,118.07,1906.08,3839.04,14072.2,293.47,926.72,3789.2,824.17,7512.6,450.17,583.14,59.06,1388.49,128.93,980.11,901.39,21735.22,1386.68,1312.47,424.02,1440.07,4502.33,2112.99,3224.27,2734.88,595.71,51.65,3338.46,764.63,356.95,79.27,1958.94,1121.03,139,1558.89,455.35,59.19,179.54,11814.51,576.91,1318.83,2925.53,198.97,166.52,12622.79,357.29,693.7,113.28,920.03,272.15,123.6,1783.35,222.44,441.74,142.65,2652.23,2259.88,456.45,104.34,1185.12,4199.83,816.9,715.22,481.77,1978.74,1041.5,1121.93,216.19,2694.47,1407.97,1904,493.16,2550.69,1698.35,2107.81,32.99,70.1,3198.74,151.21,429.18,149.58,326.71,103.75,508.18,1600.01,576.48,2185.85,79.72,917.89,467.1,1843.8,2738.04,3873.17,2552.12,683.89,541.55,206.64,584.38,1777.45,472.61,1011.34,674.68,4014.57,344.19,797.21,850.96,4305.67,695.52,3006.18,1752.86,7594.66,954.37,9674.77,477.94,240.38,2869.22,3876.31,543.16,2504.32,5611.73,1215.94,770.9,554.68,18799.95,1962.75,1588.5,360.8,1354.66,2264.65,1830.05,354.62,7905.33,2225.16,208.45,360.08,246.44,3339.68,24635.76,4267.47,1200.69,1227.41,206.67,2709.21,561.91
TK1,162.02,278.9,143.6,56.8,106.96,297.57,75,338.02,151.23,226.23,179.23,294.15,452.3,34.93,106.02,39.65,379.12,53.15,152.06,226.84,203.43,456.49,49.75,185.45,221.13,235.05,323.11,257.6,112.41,69.44,340.87,151.19,134.11,83.15,273.58,94.23,36.17,411.74,188.33,50.79,121,45.92,56.92,515.45,273.54,66.09,97.81,216.65,333.19,337.93,78.17,110.72,161.07,56.21,408.9,141.17,325.09,45.2,259.74,260.62,115.73,238.76,65.73,323.67,173.27,418.34,37.62,162.17,374.14,102.93,213.41,221.2,234.18,335.06,118.2,212.15,180,157.47,408.73,134.92,100.52,299.3,118.64,271.87,32.51,187.48,105.65,245.5,126.91,169.39,25.86,280.11,679.47,295.67,237.21,198.82,224.8,239.97,294.58,146.08,103.75,185.7,95.94,383.4,114.81,108.17,299.27,167.36,218.26,254.46,51.65,185.9,261.38,126.21,97.26,188.53,186.65,445.3,151.72,167.72,515.7,98.09,497.74,35.61,226.78,57.1,42.64,414.13,195.07,197.82,61.09,41.97,26.47,119.18,208.9,1363.46,88.08,35.62,29.89,46.53,137.17,144.33,389.36,92.17,309.68,159.71,319.92,233.82,158.06,79.02
UBE2C,2301.73,1759.32,1931.92,275.74,1502.44,2219.09,187.13,1433.73,1405.53,1180.99,1652.51,2199,1768.6,667.18,859.3,146.95,3269.92,154.53,1059.2,1627.88,1840.32,3078.41,205.77,962.05,509.21,1263.99,833.09,1247.18,998.66,454.77,2236.46,1031.18,620.7,1014.43,2523.19,973.76,220.02,1276.6,1050.78,203.16,454.15,151.78,302.8,2813.27,2972.31,226.84,1590.71,630.03,1245.63,1463.55,173.47,465.22,482.35,171.22,860.5,433.69,3898,847.01,998.33,2195.62,449.48,4043.01,466.6,1375.28,655.46,2138.3,100.32,1276.51,1575.87,1355.11,2151.26,1777,2381.7,2210.23,503.31,1710.49,1591.04,993.64,1232.2,625.37,2308.08,1551.15,1174.22,1712.04,111.64,4403.91,2428.87,1131.5,1084.8,963.98,190.7,3731.33,2508.57,976.79,1214.4,817.08,2122.42,3736.31,665.29,1691.45,341.59,1140.11,618.69,1868.56,1473.14,905.3,1426.71,1249.99,762.48,2343.69,123.51,1403.14,1077.67,618.98,946.48,561.69,1836.24,2639.41,2138.42,774.8,786.13,779.84,2980.38,110.53,1349.78,998.3,731.72,1221.97,1251.35,1002.64,995.98,601.39,588.27,1148.16,1076.72,2601.19,832.08,832.46,332.57,276.38,824.75,1846.06,1082.65,871.47,1801.77,1284.51,2448.6,1818.03,738.54,434.61
ZWINT,305.87,378.89,812.39,71.26,358.67,273.47,67.58,261.64,609.17,416.03,619.44,301.29,343.38,34.93,350.39,76.19,800.01,64.96,369.15,315.1,380.59,454.17,74.62,179.39,308.39,418.26,442.93,644.79,149.88,100.76,820.47,616.38,261.87,191.24,1282.26,406.92,36.17,613.36,252.61,62.82,152.43,86.21,138.88,906.39,791.98,53.58,268.57,212.66,183.67,670.15,77.1,186.09,226.69,88.2,267.86,158.63,594.1,196.95,402.93,358.22,178.98,421.81,64.81,917.65,208.69,353.74,32.5,497.77,304.07,132.65,446.44,603.7,783.94,772.65,179.21,448.08,486.63,269.77,468.67,336.5,353.33,497.65,322.2,384.53,65.01,384.15,641.05,428.23,161.16,275.92,25.86,364.24,145.38,464.4,834.1,339.09,343.01,273.56,503.03,341.22,171.5,221.11,135.3,195.82,349.96,101.73,456.65,570.08,271.17,539.72,93.19,491.32,376.98,276.6,337.56,193.2,376.58,969,386.48,224.13,365.46,152.04,784.25,42.79,284.99,126.02,205.53,255.4,305.21,504.7,304.11,146.19,227.46,483.81,212.02,980.68,231.78,376.73,84.14,59.56,161.18,378.16,436.98,223.24,581.82,434.97,351.04,512.31,287.47,153.65
ABCF1,614.54,353.11,794.44,222.04,339.42,769.82,190.1,464.45,854.53,448.62,261.96,404.1,218.77,232.86,296.87,181.93,367.07,197.84,206.6,459.2,307.17,391.03,260.04,265.68,546.26,616.44,231.1,987.19,216.68,235.56,320.06,276.53,531,353.39,669.18,489.73,210.32,380.96,460.37,240.58,369.29,251.35,232.98,236.01,386.45,217.91,378.82,285.94,373.22,403.23,176.68,249.36,511.33,201.48,375.26,443.88,383.26,462.79,360.97,267.66,234.16,338.24,289.78,575.01,465.12,331.5,320.35,412.79,653.09,423.41,767.78,549.32,295.64,1008.16,185.56,520.38,420.6,347.9,219.35,557.12,528.48,317.12,301.98,411.48,204.91,465.94,402.44,526.06,329.37,364.98,423.26,689.29,489.75,250.78,244.94,441.22,697.62,602.32,445.61,865.18,392.41,413.72,436.65,287.55,426.04,576.92,356.03,550.46,289.12,504.9,262.74,346.36,460.42,664.64,510.84,316.29,307,583.28,495.88,305.76,399.7,546.87,458.89,311.39,362.61,346.55,430.42,454.21,272.03,424.39,297.47,436.39,400.02,562.87,223.45,318.51,463.55,249.13,277.81,375.02,438.1,257.78,224.79,372.76,215.84,398.72,275.11,327.53,263.43,788.94
ACTB,15056.24,16802.58,14918.85,24957.5,11908.97,13415.75,13345.06,12029.97,14643.35,30423.94,16969.21,20303.64,26415.51,13728.28,21500.78,16912.78,23297.46,14109.28,21856.21,19171.2,13497.89,20716.98,36211.79,13801,14151.44,13916.61,12887.18,18786.12,33113.88,20561.53,18973.75,16042.79,25140.77,13032.34,14459.16,21956.62,14370.99,19355.97,20156.13,15034.93,22071.17,15935.88,17251.91,16920.18,14661.19,18546.96,15027.65,24158.5,13326.31,14289.41,14056.61,13344.27,6466.56,14040.62,15003.8,17225.48,17164.51,19467.3,14874.36,14358.09,12573.28,25087.78,9510.74,19737.67,13069.08,22033.31,18334.93,25372.46,21516.14,11408.63,29933.71,17193.91,17122.03,17997.58,21404.5,22220.21,23842.08,23351.81,19987.23,32052.76,13039.02,16532.96,12909.72,18571.56,12999.76,16578.99,19005.96,11015.97,12377.99,11103.2,12990.75,16151.89,24143.3,23424.3,19225.49,20071.58,19378.32,16735.38,18842.85,21212.76,15768.27,21490.18,29560.55,15907.02,20507.78,14457.68,26534.66,20061.23,21398.46,18828.54,20917.19,17181.81,22342.62,16983.79,18430.22,30482.64,21619.05,16276.51,22442.98,14247.64,14345.95,13298.95,19664.43,28040.96,24981.32,33459.69,18823.44,18004.25,32991.53,31938.27,13781.73,14869.69,14855.67,17212.9,15492.93,21264.91,22806.89,26547.58,33882.25,15424.11,21934.82,18212.91,25641.08,21912.79,26052.91,20234.99,20095.44,15004.03,26221.36,15452.62
GAPDH,25665.44,33927.04,20853.54,28486.42,39839.17,21263.29,40459.18,31412.96,19695.44,22678.48,34208.27,22566.89,49000.28,24680.55,35353.65,44295.27,43095.29,43991.24,56406.03,33605.63,39200.34,34109.28,22237.21,57165.17,35865.7,49386.8,61751.21,22368.47,51177.77,36232.18,38770.93,48381.64,32385.34,45901.43,31679.65,25830.23,36942.64,68999.16,22981.13,26931.63,36863.33,31464.98,39334.93,85882.31,59276.1,31574.83,45954.15,34717.64,37209.84,41305.09,39733.72,46004.32,21143.3,44025.14,40174.48,28604.84,40194.21,27033.38,34326.12,52223.02,114276.52,40919.61,30349.57,31058.84,15270.07,26691.18,22036.58,20554.32,16567.76,37527.2,17999.96,38793.43,42899.73,25269.42,38508.01,36942.05,29033.99,24554.19,54821.93,24732.4,25353.11,37296.56,44868.56,33854.97,34187.44,25758.09,53706.97,45658.7,76989.52,53029.23,35176.89,34616.39,27532.4,41857.86,61639.39,48270.38,22155.1,28762.59,42724.68,20066.14,46166.41,28317.01,22684.86,47790.12,21713.96,26825.32,34207.4,32850.06,45484.95,46413.1,30808.19,29049.84,28102.95,30703.48,22257.01,29740.21,63054.46,56480.15,33017.67,57861.82,35011.65,31747.77,35482.89,19591.71,31201.48,25756.85,31421.9,53329.06,34383.54,32869.89,41592.2,37463.34,14290.93,15482.99,44574.8,39456.44,23432.69,28826.22,18438.37,55121.07,26139.18,61368.13,53895.63,30997.21,40140.95,31856.74,49630.48,39965.22,40781.38,21685.72
RPL19,17522.78,20671.99,16836.14,26359.98,25840.2,18949.02,40540.87,23708.76,16884.38,13443.36,27364.84,22474.08,14695.28,52741.5,18440.2,30530.55,11290.9,33887.87,16337.89,14065.55,25602.75,15059.52,19871.94,19852.6,15008.49,9821.59,22626.75,10031.05,11332.29,23712.27,17673.69,19387.03,9624.99,19684.31,13575.45,14981.85,37267.82,8178.53,19513.41,42716.38,13849.29,33016.8,26319.92,12133.42,12390.21,32608.99,15906.31,17350.86,22484.84,17484.24,42167.69,27183.52,59521.68,33411.44,18396.64,19025.75,15737.43,17085.55,22577.95,20733.64,12368.06,11983.8,49749.7,11804.9,44830.35,21344.9,32149.69,19329.83,17873.93,22955.22,10058.85,11356.92,19162.42,9075.68,27206.5,9741.62,14292.22,20860.38,17313.07,9421.87,23818.7,21280.25,23789.15,16084.33,45693.48,20913.05,10129.79,15726.56,13257.31,19363.37,21514.04,10797.25,12782.05,16923.48,14335.64,9734.15,13893.37,14352.5,11599.53,11299.26,14567.05,16528.12,14211.4,19036.07,21933.89,18597.83,12876.47,11470.85,14787.5,9431.01,24576.49,24070.25,14393.78,12006.41,19858.12,14512.13,9943.39,7760.38,11324.5,16508.2,20727.2,18022.12,12995.91,24324.43,14722.71,13932.84,16345.29,9541.6,13484.83,9339.95,24404.21,17117.47,48998.6,27739.82,26965.83,15570.79,16796.91,21826.26,23975.88,13051.17,16566.21,14442.64,13395.12,16435.11,18435.28,16190.03,15165.87,21187.62,14771.7,15739.85